division_key,anchor_type,anchor_text,source_url_or_doc,checked_by,checked_ts,status,verified_value,note
buyside_investment_compliance,A1,Investment Company Act — fund compliance program rule | US | 17 CFR 270.38a-1,,,,UNVERIFIED,,
buyside_investment_compliance,A1,"UCITS Directive — investment restrictions (e.g., 5/10/40 concentration limits) | EU | Directive 2009/65/EC, Art. 52",,,,UNVERIFIED,,
buyside_investment_compliance,A2,UBS Group AG | Annual Report | FY2023 | Asset Management,,,,UNVERIFIED,,
buyside_investment_compliance,A3,Investment Company Institute | Worldwide regulated open-end fund net assets | 68.9 USD trillions AUM | as_of 2023-12-31,,,,UNVERIFIED,,
buyside_investment_compliance,A4,SEAT: Investment compliance / guideline monitoring analyst (pre- and post-trade rule coding and breach management) | cost_per_seat midpoint median 300000.0 | determinable_fraction median 0.85 | 4 terminality tasks,,,,UNVERIFIED,,
buyside_investment_operations,A1,"AIFMD valuation of assets and calculation of net asset value | EU | Directive 2011/61/EU, Article 19",,,,UNVERIFIED,,
buyside_investment_operations,A1,"Fair value determination and valuation designee obligations for registered funds | US | Investment Company Act of 1940, Rule 2a-5, 17 CFR 270.2a-5",,,,UNVERIFIED,,
buyside_investment_operations,A1,"Forward pricing of redeemable securities (NAV strike) | US | Investment Company Act of 1940, Rule 22c-1, 17 CFR 270.22c-1",,,,UNVERIFIED,,
buyside_investment_operations,A1,"Investment-company custody of securities and other investments | United States | Investment Company Act Rule 17f-4, 17 CFR §270.17f-4",,,,UNVERIFIED,,
buyside_investment_operations,A1,"UCITS asset valuation and NAV calculation requirements | EU | Directive 2009/65/EC, Article 85; Commission Directive 2010/43/EU, Article 23",,,,UNVERIFIED,,
buyside_investment_operations,A1,"UCITS depositary cash-flow monitoring and safekeeping | European Union | Directive 2009/65/EC, Articles 22 and 22a",,,,UNVERIFIED,,
buyside_investment_operations,A2,JPMorgan Chase & Co. | Form 10-K | FY2024 | Asset management,,,,UNVERIFIED,,
buyside_investment_operations,A2,State Street Corporation | Form 10-K | FY2023 | Servicing fees,,,,UNVERIFIED,,
buyside_investment_operations,A2,The Bank of New York Mellon Corporation | Form 10-K | FY2023 | Investment services fees,,,,UNVERIFIED,,
buyside_investment_operations,A3,Boston Consulting Group | Global Asset Management Report — global assets under management | 120 USD trillion | as_of 2023-12-31,,,,UNVERIFIED,,
buyside_investment_operations,A3,Investment Company Institute | Worldwide regulated open-end fund assets | 71.1 USD trillion | as_of 2024-12-31,,,,UNVERIFIED,,
buyside_investment_operations,A3,Investment Company Institute | Worldwide regulated open-end fund total net assets | 68 USD trillion | as_of 2023-12-31,,,,UNVERIFIED,,
buyside_investment_operations,A4,"SEAT: Buy-side investment operations / NAV and fund accounting oversight analyst (administrator oversight, reconciliation, corporate actions, pricing challenge); Buy-side investment-operations, collateral, fund-accounting, performance and investment-risk specialists | cost_per_seat midpoint median 301250.0 | determinable_fraction median 0.875 | 7 terminality tasks",,,,UNVERIFIED,,
buyside_ldi_overlay,A1,"EMIR — transitional clearing exemption for pension scheme arrangements | EU | Regulation (EU) No 648/2012, Art. 89(1)",,,,UNVERIFIED,,
buyside_ldi_overlay,A1,ERISA — fiduciary prudence standard for plan hedging | US | 29 U.S.C. § 1104(a)(1),,,,UNVERIFIED,,
buyside_ldi_overlay,A1,"IORP II — investment rules and governance for pension funds | EU | Directive (EU) 2016/2341, Art. 19 and Arts. 25–30",,,,UNVERIFIED,,
buyside_ldi_overlay,A1,"Solvency II — prudent person principle for insurers | EU | Directive 2009/138/EC, Art. 132",,,,UNVERIFIED,,
buyside_ldi_overlay,A2,"The Goldman Sachs Group, Inc. | Form 10-K | FY2023 | FICC intermediation",,,,UNVERIFIED,,
buyside_ldi_overlay,A3,Thinking Ahead Institute | Global Pension Assets Study | 55.7 USD trillions | as_of 2023-12,,,,UNVERIFIED,,
buyside_ldi_overlay,A4,"SEAT: Overlay/LDI portfolio manager-trader (per large pension fund or insurer; rates, inflation and equity hedging programs) | cost_per_seat midpoint median 350000.0 | determinable_fraction median 0.65 | 4 terminality tasks",,,,UNVERIFIED,,
buyside_performance_risk_reporting,A1,PRIIPs Regulation — key information document performance scenarios and cost disclosures | EU | Regulation (EU) No 1286/2014,,,,UNVERIFIED,,
buyside_performance_risk_reporting,A1,SEC Marketing Rule — performance advertising requirements for advisers | US | 17 CFR 275.206(4)-1,,,,UNVERIFIED,,
buyside_performance_risk_reporting,A2,JPMorgan Chase & Co. | Form 10-K | FY2023 | Asset & Wealth Management,,,,UNVERIFIED,,
buyside_performance_risk_reporting,A3,Investment Company Institute | Worldwide regulated open-end fund net assets | 68.9 USD trillions AUM | as_of 2023-12-31,,,,UNVERIFIED,,
buyside_performance_risk_reporting,A4,"SEAT: Performance measurement, attribution and investment risk reporting analyst | cost_per_seat midpoint median 285000.0 | determinable_fraction median 0.85 | 4 terminality tasks",,,,UNVERIFIED,,
buyside_portfolio_management,A1,"AIFMD reporting | EU | Directive 2011/61/EU, Art. 24 and Annex IV",,,,UNVERIFIED,,
buyside_portfolio_management,A1,ESMA — Guidelines on ETFs and other UCITS issues | EU | ESMA/2014/937,,,,UNVERIFIED,,
buyside_portfolio_management,A1,Investment Advisers Act of 1940 | United States | 15 U.S.C. §80b-6 and 17 C.F.R. §275.206(4)-7,,,,UNVERIFIED,,
buyside_portfolio_management,A1,"Investment Company Act diversification classification | United States | Investment Company Act of 1940, Section 5(b)(1)",,,,UNVERIFIED,,
buyside_portfolio_management,A1,Investment Company Act of 1940 — registered funds and ETFs | US | 15 U.S.C. § 80a-1 et seq.; Rule 6c-11 (17 C.F.R. § 270.6c-11),,,,UNVERIFIED,,
buyside_portfolio_management,A1,Investment-adviser fiduciary and antifraud obligations | United States | Investment Advisers Act of 1940 section 206; 15 U.S.C. § 80b-6,,,,UNVERIFIED,,
buyside_portfolio_management,A1,"Registered investment-adviser compliance program | United States | Investment Advisers Act Rule 206(4)-7, 17 CFR §275.206(4)-7",,,,UNVERIFIED,,
buyside_portfolio_management,A1,SEC Form PF reporting | US | Investment Advisers Act Rule 204(b)-1 (17 CFR 275.204(b)-1),,,,UNVERIFIED,,
buyside_portfolio_management,A1,"UCITS Directive | European Union | Directive 2009/65/EC, Articles 51 and 52",,,,UNVERIFIED,,
buyside_portfolio_management,A1,"UCITS investment and diversification limits | European Union | Directive 2009/65/EC, Articles 50-57",,,,UNVERIFIED,,
buyside_portfolio_management,A1,"UCITS investment restrictions and diversification | EU | Directive 2009/65/EC (UCITS), Articles 50-54",,,,UNVERIFIED,,
buyside_portfolio_management,A1,"UCITS investment restrictions | EU | Directive 2009/65/EC, Arts. 50-56",,,,UNVERIFIED,,
buyside_portfolio_management,A1,"UCITS risk-management process | European Union | Directive 2009/65/EC, Article 51",,,,UNVERIFIED,,
buyside_portfolio_management,A1,"UCITS — index-tracking funds | EU | Directive 2009/65/EC, Art. 53",,,,UNVERIFIED,,
buyside_portfolio_management,A2,JPMorgan Chase & Co. | Form 10-K | FY2024 | Asset management,,,,UNVERIFIED,,
buyside_portfolio_management,A2,JPMorgan Chase & Co. | Form 10-K | FY2024 | Asset management fees,,,,UNVERIFIED,,
buyside_portfolio_management,A2,"The Goldman Sachs Group, Inc. | Form 10-K | FY2023 | Equities intermediation",,,,UNVERIFIED,,
buyside_portfolio_management,A2,"The Goldman Sachs Group, Inc. | Form 10-K | FY2023 | Management and other fees (within Asset & Wealth Management)",,,,UNVERIFIED,,
buyside_portfolio_management,A2,UBS Group AG | Annual Report (Form 20-F) | FY2023 | Net management fees,,,,UNVERIFIED,,
buyside_portfolio_management,A3,HFR | Global hedge fund industry capital | 4.0 USD trillion | as_of 2023-12-31,,,,UNVERIFIED,,
buyside_portfolio_management,A3,Investment Company Institute | U.S. ETF total net assets (Investment Company Fact Book) | 8.1 USD trillions | as_of 2023-12,,,,UNVERIFIED,,
buyside_portfolio_management,A3,Investment Company Institute | Worldwide regulated open-end fund assets | 68.9 USD trillion | as_of 2023-12-31,,,,UNVERIFIED,,
buyside_portfolio_management,A3,Investment Company Institute | Worldwide regulated open-end fund assets | 71.1 USD trillion | as_of 2024-12-31,,,,UNVERIFIED,,
buyside_portfolio_management,A4,"SEAT: Buy-side portfolio construction & risk (portfolio managers, risk quants, rebalancing analysts); Hedge fund portfolio manager / trader (buy-side counterpart of prime brokerage and markets flow); Index/ETF portfolio manager (replication, rebalancing, creation/redemption management at a large asset manager); Institutional portfolio manager (long-only, buy-side counterpart of markets flow); Institutional portfolio managers, asset allocators and investment analysts generating orders for dealer counterparties; Portfolio managers, asset allocators and portfolio-construction specialists; Portfolio managers, sector analysts, asset allocators and investment-strategy specialists | cost_per_seat midpoint median 725000.0 | determinable_fraction median 0.45 | 24 terminality tasks",,,,UNVERIFIED,,
buyside_trading_execution,A1,"AIFMD — reporting and risk management for alternative funds | EU | Directive 2011/61/EU, Art. 24 & Annex IV",,,,UNVERIFIED,,
buyside_trading_execution,A1,"Adviser compliance program and duty of best execution as a fiduciary | US | Investment Advisers Act Rule 206(4)-7 (17 CFR 275.206(4)-7); SEC Release IA-5248 (Standard of Conduct for Investment Advisers, 2019)",,,,UNVERIFIED,,
buyside_trading_execution,A1,Best execution obligation for investment firms executing on behalf of clients | EU / UK | MiFID II Directive 2014/65/EU Article 27; Commission Delegated Regulation (EU) 2017/565 Articles 64-66 (order execution policy and monitoring),,,,UNVERIFIED,,
buyside_trading_execution,A1,Best execution obligation for investment firms | EU | Directive 2014/65/EU Art 27; Commission Delegated Regulation (EU) 2017/576 (RTS 28 top-five venue reporting),,,,UNVERIFIED,,
buyside_trading_execution,A1,Best execution | US / FINRA | FINRA Rule 5310,,,,UNVERIFIED,,
buyside_trading_execution,A1,Compliance programme of registered advisers | US / SEC | 17 CFR 275.206(4)-7,,,,UNVERIFIED,,
buyside_trading_execution,A1,Derivatives risk management program for registered funds | US | Investment Company Act Rule 18f-4 (17 CFR 270.18f-4),,,,UNVERIFIED,,
buyside_trading_execution,A1,FCA best execution conduct standard | United Kingdom | FCA Handbook COBS 11.2A,,,,UNVERIFIED,,
buyside_trading_execution,A1,"Investment Adviser Best Execution Duty | United States | Investment Advisers Act of 1940, Sections 206(1) and 206(2), 15 U.S.C. §80b-6",,,,UNVERIFIED,,
buyside_trading_execution,A1,Investment Advisers Act — fiduciary duty including best execution | US | 15 U.S.C. § 80b-6 (§ 206),,,,UNVERIFIED,,
buyside_trading_execution,A1,Investment adviser fiduciary duty (execution quality) | United States | Investment Advisers Act of 1940; SEC Fiduciary Duty Interpretation (2019),,,,UNVERIFIED,,
buyside_trading_execution,A1,"Investment adviser fiduciary duty including duty of best execution | US | Investment Advisers Act of 1940, Section 206; SEC Release IA-5248 (2019) fiduciary interpretation",,,,UNVERIFIED,,
buyside_trading_execution,A1,Investment-adviser fiduciary and antifraud obligations | United States | Investment Advisers Act of 1940 section 206; 15 U.S.C. § 80b-6,,,,UNVERIFIED,,
buyside_trading_execution,A1,"Investment-adviser fiduciary duty and best-execution obligations | United States | SEC Commission Interpretation Regarding Standard of Conduct for Investment Advisers, Release No. IA-5248, 84 FR 33669",,,,UNVERIFIED,,
buyside_trading_execution,A1,"MiFID II best execution and order execution policy for portfolio managers | EU/UK | Directive 2014/65/EU, Article 27; Commission Delegated Regulation (EU) 2017/565, Articles 64–66",,,,UNVERIFIED,,
buyside_trading_execution,A1,"MiFID II best execution | EU | Directive 2014/65/EU (MiFID II), Article 27",,,,UNVERIFIED,,
buyside_trading_execution,A1,"MiFID II best execution | EU | Directive 2014/65/EU, Art. 27; RTS 28 (Commission Delegated Regulation (EU) 2017/576)",,,,UNVERIFIED,,
buyside_trading_execution,A1,"MiFID II best execution | European Union | Directive 2014/65/EU, Article 27",,,,UNVERIFIED,,
buyside_trading_execution,A1,"MiFID II — best execution and execution quality reporting | EU | Directive 2014/65/EU, Art. 27; Commission Delegated Regulation (EU) 2017/576 (RTS 28)",,,,UNVERIFIED,,
buyside_trading_execution,A1,"MiFID II — best execution obligation for investment firms | EU | Directive 2014/65/EU, Art. 27",,,,UNVERIFIED,,
buyside_trading_execution,A1,SEC/CFTC — Form PF reporting for private fund advisers | US | 17 C.F.R. § 275.204(b)-1; CFTC Regulation 4.27,,,,UNVERIFIED,,
buyside_trading_execution,A1,"Soft dollar safe harbour for research and brokerage services | US | Securities Exchange Act of 1934, Section 28(e)",,,,UNVERIFIED,,
buyside_trading_execution,A1,"UCITS implementing measures — order handling and execution of decisions to deal | EU | Commission Directive 2010/43/EU, Arts. 25–27",,,,UNVERIFIED,,
buyside_trading_execution,A1,Use of client commissions safe harbour | US / SEC | Securities Exchange Act Section 28(e); SEC 2006 interpretive release 34-54165,,,,UNVERIFIED,,
buyside_trading_execution,A2,"BlackRock | Form 10-K | FY2023 | Investment advisory, administration fees and securities lending revenue",,,,UNVERIFIED,,
buyside_trading_execution,A2,"BlackRock, Inc. | Form 10-K | FY2023 | Investment advisory, administration fees and securities lending revenue",,,,UNVERIFIED,,
buyside_trading_execution,A2,JPMorgan Chase & Co. | Form 10-K | FY2023 | Asset & Wealth Management,,,,UNVERIFIED,,
buyside_trading_execution,A2,JPMorgan Chase & Co. | Form 10-K | FY2023 | Asset & Wealth Management - Asset management fees,,,,UNVERIFIED,,
buyside_trading_execution,A2,JPMorgan Chase & Co. | Form 10-K | FY2023 | Asset management fees (within Asset & Wealth Management),,,,UNVERIFIED,,
buyside_trading_execution,A2,JPMorgan Chase & Co. | Form 10-K | FY2024 | Asset management,,,,UNVERIFIED,,
buyside_trading_execution,A2,JPMorgan Chase & Co. | Form 10-K | FY2024 | Asset management fees,,,,UNVERIFIED,,
buyside_trading_execution,A2,JPMorgan Chase | Form 10-K | FY2023 | Asset & Wealth Management — Asset management fees,,,,UNVERIFIED,,
buyside_trading_execution,A2,"The Goldman Sachs Group, Inc. | Form 10-K | FY2023 | Asset & Wealth Management - Management and other fees",,,,UNVERIFIED,,
buyside_trading_execution,A2,"The Goldman Sachs Group, Inc. | Form 10-K | FY2023 | Equities financing",,,,UNVERIFIED,,
buyside_trading_execution,A2,"The Goldman Sachs Group, Inc. | Form 10-K | FY2023 | Equities intermediation",,,,UNVERIFIED,,
buyside_trading_execution,A2,"The Goldman Sachs Group, Inc. | Form 10-K | FY2024 | Management and other fees",,,,UNVERIFIED,,
buyside_trading_execution,A3,Bank for International Settlements | Triennial Central Bank Survey: global OTC interest-rate derivatives daily turnover | 5.2 USD trillion per day | as_of 2022-04-30,,,,UNVERIFIED,,
buyside_trading_execution,A3,Bank for International Settlements | Triennial Central Bank Survey: global foreign-exchange market daily turnover | 7.5 USD trillion per day | as_of 2022-04-30,,,,UNVERIFIED,,
buyside_trading_execution,A3,Bank for International Settlements | Triennial Central Bank Survey—global foreign exchange market turnover | 7.5 USD trillion average daily turnover | as_of 2022-04,,,,UNVERIFIED,,
buyside_trading_execution,A3,Boston Consulting Group | Global Asset Management report — global assets under management | 120 USD trillion (approximate) | as_of 2023-12-31,,,,UNVERIFIED,,
buyside_trading_execution,A3,Coalition Greenwich | US equity commission pool | 8.5 USD billion | as_of 2023-12-31,,,,UNVERIFIED,,
buyside_trading_execution,A3,ETFGI | Global ETF/ETP assets under management | 11.6 USD trillion | as_of 2023-12-31,,,,UNVERIFIED,,
buyside_trading_execution,A3,HFR (Hedge Fund Research) | Global hedge fund industry capital (HFR Global Hedge Fund Industry Report) | 4.3 USD trillions | as_of 2024-03,,,,UNVERIFIED,,
buyside_trading_execution,A3,Investment Company Institute | Worldwide regulated open-end fund assets | 68.9 USD trillions | as_of 2023-12,,,,UNVERIFIED,,
buyside_trading_execution,A3,Investment Company Institute | Worldwide regulated open-end fund net assets | 68.9 USD trillions AUM | as_of 2023-12-31,,,,UNVERIFIED,,
buyside_trading_execution,A3,Investment Company Institute | Worldwide regulated open-end fund total net assets | 68.9 USD trillion | as_of 2023-12-31,,,,UNVERIFIED,,
buyside_trading_execution,A3,World Federation of Exchanges | Value of share trading (executed order flow population) | 100 USD trillion per year | as_of 2023-12-31,,,,UNVERIFIED,,
buyside_trading_execution,A3,World Federation of Exchanges | WFE Statistics—domestic market capitalization | 115.0 USD trillion | as_of 2023-12-31,,,,UNVERIFIED,,
buyside_trading_execution,A4,"SEAT: Buy-side dealer / centralised dealing desk trader with best-execution and TCA oversight (asset management arm of the G-SIB); Buy-side dealer / execution trader on an asset manager or hedge fund central dealing desk; Buy-side dealing desk (execution trader) and execution analytics/TCA specialist at an asset manager or asset-management arm of a G-SIB; Buy-side dealing desk (institutional execution traders, dealing desk heads at asset managers); Buy-side execution trader (asset management central dealing desk across equities, FI and FX); Buy-side execution trader (asset manager dealing desk); Buy-side execution trader (central dealing desk of a large asset manager, incl. G-SIB asset management arms); Buy-side execution traders, dealer managers and transaction-cost analysts; Buy-side execution traders, dealer-relationship managers and transaction-cost analysts; Buy-side traders, execution specialists, dealer-relationship managers and transaction-cost analysts; Hedge fund execution/portfolio trader (per large multi-manager or macro fund; financing and execution across prime brokers) | cost_per_seat midpoint median 500000.0 | determinable_fraction median 0.6 | 39 terminality tasks",,,,UNVERIFIED,,
capital_markets_origination_combined,A1,"Distribution activity restrictions and stabilisation | US / EU | Regulation M, 17 CFR 242.101-104; EU MAR Regulation (EU) No 596/2014 Article 5 and Delegated Regulation (EU) 2016/1052",,,,UNVERIFIED,,
capital_markets_origination_combined,A1,"EU Prospectus Regulation | EU | Regulation (EU) 2017/1129, Article 6 (obligation to publish a prospectus)",,,,UNVERIFIED,,
capital_markets_origination_combined,A1,"EU Prospectus Regulation | European Union | Regulation (EU) 2017/1129, Articles 3 and 6",,,,UNVERIFIED,,
capital_markets_origination_combined,A1,FINRA — restrictions on allocation of new issues (IPO/conflicts) | US | FINRA Rule 5131; FINRA Rule 5121,,,,UNVERIFIED,,
capital_markets_origination_combined,A1,"Prospectus Regulation — obligation to publish a prospectus for public offers | EU | Regulation (EU) 2017/1129, Art. 3",,,,UNVERIFIED,,
capital_markets_origination_combined,A1,"Prospectus content and approval | EU | Regulation (EU) 2017/1129 (Prospectus Regulation), Articles 6, 20 and 23",,,,UNVERIFIED,,
capital_markets_origination_combined,A1,Regulation M — stabilization and syndicate covering transactions | US | 17 CFR 242.104,,,,UNVERIFIED,,
capital_markets_origination_combined,A1,Securities Act of 1933 | United States | 15 U.S.C. §§77e and 77j; registration and prospectus requirements for public securities offerings,,,,UNVERIFIED,,
capital_markets_origination_combined,A1,"Securities Act registration and prospectus requirements | United States | Securities Act of 1933, Sections 5 and 10; 15 U.S.C. §§77e, 77j",,,,UNVERIFIED,,
capital_markets_origination_combined,A1,"Securities Act registration/offering requirements | United States | Securities Act of 1933, Section 5; Regulation M Rule 104 (17 CFR 242.104) for stabilization",,,,UNVERIFIED,,
capital_markets_origination_combined,A1,"Securities offering registration, prospectus delivery and free writing prospectuses | US | Securities Act of 1933 §5 and §11; Rules 424, 430B, 433, 163B",,,,UNVERIFIED,,
capital_markets_origination_combined,A1,Underwriting compensation and conflicts review | US | FINRA Rule 5110 (Corporate Financing Rule); FINRA Rule 5121 (conflicts of interest),,,,UNVERIFIED,,
capital_markets_origination_combined,A2,Bank of America | Form 10-K | FY2024 | Investment banking fees,,,,UNVERIFIED,,
capital_markets_origination_combined,A2,JPMorgan Chase & Co. | Form 10-K | FY2023 | Debt underwriting,,,,UNVERIFIED,,
capital_markets_origination_combined,A2,JPMorgan Chase & Co. | Form 10-K | FY2023 | Investment Banking (within Commercial & Investment Bank),,,,UNVERIFIED,,
capital_markets_origination_combined,A2,JPMorgan Chase & Co. | Form 10-K | FY2023 | Investment banking fees - Equity underwriting / Debt underwriting (Corporate & Investment Bank),,,,UNVERIFIED,,
capital_markets_origination_combined,A2,JPMorgan Chase & Co. | Form 10-K | FY2024 | Investment banking fees,,,,UNVERIFIED,,
capital_markets_origination_combined,A2,Morgan Stanley | Form 10-K | FY2023 | Institutional Securities - Underwriting (Equity and Fixed income),,,,UNVERIFIED,,
capital_markets_origination_combined,A3,"London Stock Exchange Group | Global debt capital markets proceeds, full-year review | 10.7 USD trillion | as_of 2024-12-31",,,,UNVERIFIED,,
capital_markets_origination_combined,A3,SIFMA | US corporate bond issuance | 1.4 USD trillion per year | as_of 2023-12-31,,,,UNVERIFIED,,
capital_markets_origination_combined,A3,SIFMA | US equity issuance (IPOs and secondary offerings) | 130 USD billion per year | as_of 2023-12-31,,,,UNVERIFIED,,
capital_markets_origination_combined,A3,Securities Industry and Financial Markets Association | U.S. Fixed Income Securities Statistics—Total Issuance | 10.6 USD trillion of issuance | as_of 2024,,,,UNVERIFIED,,
capital_markets_origination_combined,A4,"SEAT: Debt and equity capital-markets originators, syndicate bankers and execution specialists; ECM and DCM originators, syndicate bankers and capital-markets execution bankers; ECM/DCM origination banker and syndicate desk (pricing, books, allocation); Primary markets origination & syndicate (syndicate bankers, DCM/ECM capital markets officers); Syndicate desk manager (DCM and ECM bookbuilding, pricing and allocation) | cost_per_seat midpoint median 850000.0 | determinable_fraction median 0.45 | 16 terminality tasks",,,,UNVERIFIED,,
client_lifecycle_kyc,A1,"Anti-money-laundering customer due diligence | EU | Directive (EU) 2015/849 as amended by Directive (EU) 2018/843, Articles 13, 18 and 20-24",,,,UNVERIFIED,,
client_lifecycle_kyc,A1,Customer due diligence and beneficial ownership requirements | US | 31 CFR 1010.230 (CDD Rule); 31 CFR 1023.220 (broker-dealer CIP under USA PATRIOT Act §326),,,,UNVERIFIED,,
client_lifecycle_kyc,A1,Swap dealer documentation and relationship documentation requirements | US | 17 CFR 23.504 (swap trading relationship documentation); 17 CFR 23.402 (know your counterparty),,,,UNVERIFIED,,
client_lifecycle_kyc,A2,HSBC Holdings plc | Annual Report and Accounts | FY2023 | Global Banking and Markets - Operating expenses,,,,UNVERIFIED,,
client_lifecycle_kyc,A2,JPMorgan Chase & Co. | Form 10-K | FY2023 | Corporate & Investment Bank - Total noninterest expense,,,,UNVERIFIED,,
client_lifecycle_kyc,A4,SEAT: Client lifecycle management / KYC analyst and onboarding documentation specialist for institutional trading clients | cost_per_seat midpoint median 300000.0 | determinable_fraction median 0.7 | 4 terminality tasks,,,,UNVERIFIED,,
collateral_margin_management,A1,"BCBS-IOSCO margin requirements for non-centrally cleared derivatives | GLOBAL | BCBS/IOSCO, 'Margin requirements for non-centrally cleared derivatives' (BCBS d499, April 2020 revision)",,,,UNVERIFIED,,
collateral_margin_management,A1,"BCBS-IOSCO margin requirements for non-centrally cleared derivatives | Global | BCBS 317 / IOSCO FR04/2015 (final framework, phased through September 2022)",,,,UNVERIFIED,,
collateral_margin_management,A1,"BCBS-IOSCO — margin requirements for non-centrally cleared derivatives | Global (Basel/IOSCO framework) | BCBS-IOSCO, Margin requirements for non-centrally cleared derivatives (March 2015)",,,,UNVERIFIED,,
collateral_margin_management,A1,Dispute reporting for collateral disputes | US / EU | 17 CFR 23.504(b)(4) and 23.502; EMIR Delegated Regulation (EU) No 149/2013 Article 15,,,,UNVERIFIED,,
collateral_margin_management,A1,"EMIR risk-mitigation margin RTS | EU | Commission Delegated Regulation (EU) 2016/2251, Articles 1-40 (IM/VM, concentration limits, segregation)",,,,UNVERIFIED,,
collateral_margin_management,A1,"EMIR — risk-mitigation techniques including exchange of collateral | EU | Regulation (EU) No 648/2012, Art. 11(3); Commission Delegated Regulation (EU) 2016/2251",,,,UNVERIFIED,,
collateral_margin_management,A1,Margin and capital requirements for covered swap entities (prudential regulators) | US | 12 CFR Part 237 (Federal Reserve Regulation KK); 12 CFR Part 45 (OCC),,,,UNVERIFIED,,
collateral_margin_management,A1,Margin requirements for non-centrally cleared OTC derivatives (UMR) | EU | Regulation (EU) No 648/2012 Article 11(3); Commission Delegated Regulation (EU) 2016/2251,,,,UNVERIFIED,,
collateral_margin_management,A1,Margin requirements for non-centrally cleared OTC derivatives | EU | Regulation (EU) No 648/2012 (EMIR) Art 11(3); Commission Delegated Regulation (EU) 2016/2251,,,,UNVERIFIED,,
collateral_margin_management,A1,"Margin requirements for uncleared swaps (initial and variation margin, eligible collateral, custody) | US | 17 CFR 23.150-23.161 (CFTC); 12 CFR Part 237 (Federal Reserve Regulation KK)",,,,UNVERIFIED,,
collateral_margin_management,A1,Margin requirements for uncleared swaps (swap dealers) | US / CFTC | 17 CFR 23.150–23.161,,,,UNVERIFIED,,
collateral_margin_management,A2,Deutsche Bank AG | Annual Report | FY2023 | Investment Bank - Noninterest expenses,,,,UNVERIFIED,,
collateral_margin_management,A2,Morgan Stanley | Form 10-K | FY2023 | Institutional Securities - Total non-interest expenses,,,,UNVERIFIED,,
collateral_margin_management,A3,Bank for International Settlements | OTC derivatives statistics — gross credit exposure (collateralisable exposure) | 2.9 USD trillion | as_of 2024-06-30,,,,UNVERIFIED,,
collateral_margin_management,A3,"Bank for International Settlements | OTC derivatives statistics — notional amounts outstanding, all contracts (margined population base) | 667 USD trillion (approximate) | as_of 2023-12-31",,,,UNVERIFIED,,
collateral_margin_management,A3,ISDA | ISDA Margin Survey — initial and variation margin collected by largest derivatives firms | 1.4 USD trillions | as_of 2023-12-31,,,,UNVERIFIED,,
collateral_margin_management,A3,ISDA | ISDA Margin Survey — initial margin collected for non-cleared derivatives by phase-one firms | 325 USD billion (approximate) | as_of 2023-12-31,,,,UNVERIFIED,,
collateral_margin_management,A3,ISDA | Margin Survey - initial margin collected for non-cleared derivatives by surveyed phase-one firms | 325 USD billion | as_of 2023-12-31,,,,UNVERIFIED,,
collateral_margin_management,A3,ISDA | Margin Survey — initial margin collected for non-cleared derivatives by phase-one firms | 325 USD billion | as_of 2023-12-31,,,,UNVERIFIED,,
collateral_margin_management,A4,"SEAT: Collateral management / margin operations analyst (VM and IM calls, disputes, custodian segregation); Collateral management / margin operations analyst (bilateral CSA calls, UMR IM, CCP margin, disputes); Collateral management / margin operations analyst (call issuance, dispute resolution, IM segregation, optimisation support); Collateral management and margining analyst/manager (OTC, cleared and securities financing margin) | cost_per_seat midpoint median 257500.0 | determinable_fraction median 0.85 | 16 terminality tasks",,,,UNVERIFIED,,
commodities_physical_operations,A1,"CFTC federal speculative position limits for referenced contracts | US | 17 CFR Part 150 (150.2 limits, 150.3 exemptions)",,,,UNVERIFIED,,
commodities_physical_operations,A1,"MiFID II commodity derivative position limits and position reporting | EU | Directive 2014/65/EU, Articles 57 and 58",,,,UNVERIFIED,,
commodities_physical_operations,A1,"REMIT — wholesale energy market transaction reporting and market abuse | EU | Regulation (EU) No 1227/2011, Articles 3, 5 and 8",,,,UNVERIFIED,,
commodities_physical_operations,A2,"Barclays PLC | Annual Report | FY2023 | Fixed income, currencies and commodities",,,,UNVERIFIED,,
commodities_physical_operations,A2,"The Goldman Sachs Group, Inc. | Form 10-K | FY2023 | FICC intermediation",,,,UNVERIFIED,,
commodities_physical_operations,A3,"Bank for International Settlements | OTC derivatives statistics — commodity contracts, notional amounts outstanding | 2.2 USD trillion | as_of 2024-06-30",,,,UNVERIFIED,,
commodities_physical_operations,A3,Futures Industry Association | Global exchange-traded derivatives — energy futures and options contracts traded | 5.0 billion contracts per year | as_of 2023-12-31,,,,UNVERIFIED,,
commodities_physical_operations,A4,"SEAT: Commodities trader (energy, metals, index) with scheduling/logistics and desk analytics support | cost_per_seat midpoint median 950000.0 | determinable_fraction median 0.5 | 4 terminality tasks",,,,UNVERIFIED,,
commodities_trading,A1,CFTC position-limits regime | United States | Commodity Exchange Act section 4a; 7 U.S.C. § 6a; 17 CFR Part 150,,,,UNVERIFIED,,
commodities_trading,A1,"CFTC speculative position limits and accountability levels | US | 17 CFR Part 150 (§150.2 position limits; §150.3 exemptions), as amended by the 2021 final rule",,,,UNVERIFIED,,
commodities_trading,A1,Commodity Exchange Act position limits | United States | 7 U.S.C. § 6a; 17 C.F.R. Part 150,,,,UNVERIFIED,,
commodities_trading,A1,Commodity Exchange Act swap-dealer requirements | United States | 7 U.S.C. §6s and 17 C.F.R. Part 23,,,,UNVERIFIED,,
commodities_trading,A1,Commodity Exchange Act | United States | 17 C.F.R. Part 45,,,,UNVERIFIED,,
commodities_trading,A1,Commodity derivative position limits and reporting | EU | Directive 2014/65/EU Arts 57–58; RTS 21a (Commission Delegated Regulation (EU) 2022/1302),,,,UNVERIFIED,,
commodities_trading,A1,EMIR | European Union | Regulation (EU) No 648/2012 Article 9,,,,UNVERIFIED,,
commodities_trading,A1,"Federal speculative position limits | United States | Commodity Futures Trading Commission regulations, 17 CFR Part 150",,,,UNVERIFIED,,
commodities_trading,A1,MAR — market abuse regime applicable to commodity derivatives | EU | Regulation (EU) No 596/2014,,,,UNVERIFIED,,
commodities_trading,A1,MiFID II commodity derivative position limits and reporting | EU | Directive 2014/65/EU Articles 57 and 58; RTS 21a,,,,UNVERIFIED,,
commodities_trading,A1,"MiFID II commodity derivatives position limits | EU | Directive 2014/65/EU, Art. 57",,,,UNVERIFIED,,
commodities_trading,A1,"MiFID II commodity position limits | European Union | Directive 2014/65/EU, Article 57",,,,UNVERIFIED,,
commodities_trading,A1,"MiFID II — position limits and reporting for commodity derivatives | EU | Directive 2014/65/EU, Art. 57; Commission Delegated Regulation (EU) 2017/591 (RTS 21)",,,,UNVERIFIED,,
commodities_trading,A1,Position Limits for Derivatives | United States | 17 C.F.R. Part 150,,,,UNVERIFIED,,
commodities_trading,A1,"Position limits and accountability for physical commodity derivatives | US / CFTC | 17 CFR Part 150 (Position Limits for Derivatives, 2021 final rule); Form 204 reporting",,,,UNVERIFIED,,
commodities_trading,A1,"REMIT reporting (wholesale energy) | EU | Regulation (EU) No 1227/2011, Art. 4",,,,UNVERIFIED,,
commodities_trading,A1,"REMIT wholesale energy market integrity and reporting | EU | Regulation (EU) No 1227/2011 (REMIT), Articles 3 and 8",,,,UNVERIFIED,,
commodities_trading,A1,"REMIT wholesale energy market integrity and transaction reporting | EU | Regulation (EU) No 1227/2011, Articles 3, 4 and 8; Implementing Regulation (EU) No 1348/2014",,,,UNVERIFIED,,
commodities_trading,A1,"REMIT — reporting of wholesale energy market transactions | EU | Regulation (EU) No 1227/2011, Art. 8",,,,UNVERIFIED,,
commodities_trading,A1,"REMIT — wholesale energy market integrity | EU | Regulation (EU) No 1227/2011, Arts. 3 & 5",,,,UNVERIFIED,,
commodities_trading,A1,U.S. Commodity Futures Trading Commission position limits | United States | 17 CFR Part 150,,,,UNVERIFIED,,
commodities_trading,A1,"Wholesale energy market integrity and transparency | EU | Regulation (EU) No 1227/2011 (REMIT) Arts 3, 4 and 8 (as amended by Regulation (EU) 2024/1106)",,,,UNVERIFIED,,
commodities_trading,A2,"Bank of America Corporation | Form 10-K | FY2024 | Fixed income, currencies and commodities",,,,UNVERIFIED,,
commodities_trading,A2,Citigroup Inc. | Form 10-K | FY2023 | Markets - Fixed Income markets revenues,,,,UNVERIFIED,,
commodities_trading,A2,"Goldman Sachs Group, Inc. | 10-K | FY2023 | Fixed income, currency and commodities client execution",,,,UNVERIFIED,,
commodities_trading,A2,"Goldman Sachs Group, Inc. | 2024 Form 10-K | FY2024 | Fixed Income, Currency and Commodities",,,,UNVERIFIED,,
commodities_trading,A2,JPMorgan Chase & Co. | Form 10-K | FY2023 | Fixed Income Markets,,,,UNVERIFIED,,
commodities_trading,A2,JPMorgan Chase & Co. | Form 10-K | FY2024 | Fixed Income Markets,,,,UNVERIFIED,,
commodities_trading,A2,Macquarie Group Limited | Annual Report | FY2024 | Commodities and Global Markets,,,,UNVERIFIED,,
commodities_trading,A2,"Morgan Stanley | Form 10-K | FY2023 | Fixed income net revenues (Institutional Securities, includes commodities)",,,,UNVERIFIED,,
commodities_trading,A2,The Goldman Sachs Group | Form 10-K | FY2023 | FICC intermediation (includes commodities),,,,UNVERIFIED,,
commodities_trading,A2,"The Goldman Sachs Group, Inc. | Form 10-K | FY2023 | FICC intermediation",,,,UNVERIFIED,,
commodities_trading,A2,"The Goldman Sachs Group, Inc. | Form 10-K | FY2023 | FICC intermediation (commodities component of Global Banking & Markets net revenues)",,,,UNVERIFIED,,
commodities_trading,A2,"The Goldman Sachs Group, Inc. | Form 10-K | FY2023 | FICC intermediation (commodities included within FICC)",,,,UNVERIFIED,,
commodities_trading,A2,"The Goldman Sachs Group, Inc. | Form 10-K | FY2024 | FICC",,,,UNVERIFIED,,
commodities_trading,A3,"BIS | Semiannual OTC derivatives statistics — commodity derivatives, notional amounts outstanding | 2.2 USD trillion | as_of 2023-06-30",,,,UNVERIFIED,,
commodities_trading,A3,BIS | Triennial Central Bank Survey 2022: commodity derivatives daily average turnover | 0.1 USD trillion/day | as_of 2022-04,,,,UNVERIFIED,,
commodities_trading,A3,"Bank for International Settlements | OTC derivatives statistics — commodity contracts, notional amounts outstanding | 2.9 USD trillion (approximate) | as_of 2023-12-31",,,,UNVERIFIED,,
commodities_trading,A3,Bank for International Settlements | OTC derivatives statistics: commodity contracts notional amounts outstanding | 2.7 USD trillion | as_of 2024-06-30,,,,UNVERIFIED,,
commodities_trading,A3,Bank for International Settlements | OTC derivatives statistics: commodity derivatives notional amount outstanding | 2.8 USD trillion | as_of 2024-06-30,,,,UNVERIFIED,,
commodities_trading,A3,Bank for International Settlements | Triennial Central Bank Survey — OTC commodity derivatives turnover | 0.4 USD trillion per day | as_of 2022-04-30,,,,UNVERIFIED,,
commodities_trading,A3,FIA (Futures Industry Association) | Annual ETD Volume — global futures and options volume | 137.3 billion contracts per year | as_of 2023-12-31,,,,UNVERIFIED,,
commodities_trading,A3,FIA | Annual Volume Survey - global futures and options contracts traded | 137.3 billion contracts per year | as_of 2023-12-31,,,,UNVERIFIED,,
commodities_trading,A3,FIA | Annual Volume Survey - total global exchange-traded futures and options volume | 137.3 billion contracts | as_of 2023,,,,UNVERIFIED,,
commodities_trading,A3,"FIA | Global futures and options volume — energy and agricultural contracts traded | 137.3 billion contracts (all asset classes, 2023 total) | as_of 2023-12-31",,,,UNVERIFIED,,
commodities_trading,A3,International Energy Agency | Oil Market Report — world oil demand | 102.2 million barrels per day | as_of 2023,,,,UNVERIFIED,,
commodities_trading,A4,"SEAT: Commodities derivatives trader; Commodities derivatives trader (energy, metals, agriculture) with scheduling/operations analyst support; Commodities trader (energy, metals, agriculture); Commodities trader (energy, metals, agriculture; financial swaps/options and physical); Commodities trader / market-maker; Commodities trader and physical scheduler (energy, metals, agriculture; paper and physical); Commodities trader and structured commodity hedging specialist; Commodities trading desk (metals, energy, agricultural; futures, options, physical-linked books); Commodity trader (energy, metals, power/gas) with scheduling and physical operations support; Energy, metals, agricultural and commodity-index salespeople, traders and schedulers; Energy, metals, agricultural and environmental-products sales, trading and structuring; Energy, metals, agriculture and environmental-products salespeople, traders and structurers | cost_per_seat midpoint median 750000.0 | determinable_fraction median 0.5 | 40 terminality tasks",,,,UNVERIFIED,,
credit_trading,A1,"BCBS market risk capital for credit instruments (DRC/IRC) | Global | BCBS d457, January 2019",,,,UNVERIFIED,,
credit_trading,A1,"Basel III — market risk capital (FRTB) | Global (BCBS) | BCBS d457, Minimum capital requirements for market risk (Jan. 2019); Basel Framework MAR10–MAR23",,,,UNVERIFIED,,
credit_trading,A1,CRR II / FRTB | European Union | Regulation (EU) 2019/876 Articles 325a-325q,,,,UNVERIFIED,,
credit_trading,A1,"EMIR reporting of credit derivatives | EU | Regulation (EU) No 648/2012 (EMIR), Article 9",,,,UNVERIFIED,,
credit_trading,A1,"EU Markets in Financial Instruments Directive II | EU | Directive 2014/65/EU, Article 16(2)",,,,UNVERIFIED,,
credit_trading,A1,FINRA TRACE corporate bond trade reporting | United States | FINRA Rule 6730,,,,UNVERIFIED,,
credit_trading,A1,FINRA TRACE reporting for corporate and agency debt (15-minute reporting) | US | FINRA Rule 6730(a),,,,UNVERIFIED,,
credit_trading,A1,FINRA TRACE trade reporting | US | FINRA Rule 6730 (TRACE reporting of corporate bonds),,,,UNVERIFIED,,
credit_trading,A1,FINRA TRACE — corporate bond trade reporting and dissemination | US | FINRA Rule 6700 Series (Trade Reporting and Compliance Engine),,,,UNVERIFIED,,
credit_trading,A1,FINRA TRACE — corporate bond transaction reporting and dissemination | US | FINRA Rule 6700 series; Rule 6730 (15-minute reporting),,,,UNVERIFIED,,
credit_trading,A1,Mark-up / mark-down disclosure on principal fixed income trades with retail customers | US / FINRA | FINRA Rule 2232,,,,UNVERIFIED,,
credit_trading,A1,"Markets in Financial Instruments Regulation transparency regime | European Union | Regulation (EU) No 600/2014, Articles 8-11 and 21",,,,UNVERIFIED,,
credit_trading,A1,"MiFIR bond transparency and reporting | EU | Regulation (EU) No 600/2014 Arts 10–11, Art 26; RTS 2 (Delegated Regulation (EU) 2017/583)",,,,UNVERIFIED,,
credit_trading,A1,"MiFIR non-equity transparency and deferral regime | EU | Regulation (EU) No 600/2014 Articles 8, 9, 10, 11; RTS 2 (Commission Delegated Regulation (EU) 2017/583)",,,,UNVERIFIED,,
credit_trading,A1,MiFIR non-equity transparency | EU | Regulation (EU) No 600/2014 Arts. 8-11 with RTS 2 (Commission Delegated Regulation (EU) 2017/583),,,,UNVERIFIED,,
credit_trading,A1,"MiFIR post-trade transparency and deferral regime for bonds and credit derivatives | EU | Regulation (EU) No 600/2014, Articles 10 and 11; Commission Delegated Regulation (EU) 2017/583 (RTS 2)",,,,UNVERIFIED,,
credit_trading,A1,"MiFIR — post-trade transparency for bonds | EU | Regulation (EU) No 600/2014, Art. 21",,,,UNVERIFIED,,
credit_trading,A1,"MiFIR — pre- and post-trade transparency for non-equity instruments | EU | Regulation (EU) No 600/2014, Arts. 8–11",,,,UNVERIFIED,,
credit_trading,A1,Real-time public reporting of swap transaction data (credit default swaps) | US / CFTC | 17 CFR Part 43,,,,UNVERIFIED,,
credit_trading,A1,SEC Market Access Rule | United States | 17 C.F.R. § 240.15c3-5,,,,UNVERIFIED,,
credit_trading,A1,SEC Security-Based Swap Dealer Rules | United States | 17 C.F.R. §§240.15Fh-3 and 240.15Fi-2,,,,UNVERIFIED,,
credit_trading,A1,SEC — quotation rule applied to fixed income securities | US | 17 C.F.R. § 240.15c2-11 (phased application to fixed income from 2022),,,,UNVERIFIED,,
credit_trading,A1,"Securities Exchange Act dealer regulation | United States | Securities Exchange Act of 1934 section 15; 15 U.S.C. § 78o; SEC Rule 15c3-1, 17 CFR § 240.15c3-1",,,,UNVERIFIED,,
credit_trading,A1,"Short Selling Regulation - sovereign and CDS restrictions | EU | Regulation (EU) No 236/2012, Article 14 (uncovered sovereign CDS)",,,,UNVERIFIED,,
credit_trading,A1,TRACE post-trade reporting for corporate and agency debt | US | FINRA Rule 6730 (Transaction Reporting) and Rule 6750,,,,UNVERIFIED,,
credit_trading,A1,TRACE post-trade reporting of corporate and agency debt | US / FINRA | FINRA Rule 6730 (as amended 2024 to shorten the reporting window),,,,UNVERIFIED,,
credit_trading,A1,TRACE transaction reporting for eligible debt securities | United States | FINRA Rules 6710 and 6730,,,,UNVERIFIED,,
credit_trading,A1,"Trading obligation for derivatives | European Union | Regulation (EU) No 600/2014, Article 28",,,,UNVERIFIED,,
credit_trading,A1,U.S. SEC Market Access Rule | United States | 17 CFR § 240.15c3-5,,,,UNVERIFIED,,
credit_trading,A1,Volcker Rule market-making exemption (reasonably expected near-term demand) | US | 12 CFR 248.4(b)(2),,,,UNVERIFIED,,
credit_trading,A1,Volcker Rule | United States | 12 C.F.R. §248.4; underwriting and market-making-related activities,,,,UNVERIFIED,,
credit_trading,A1,Volcker Rule | United States | 12 U.S.C. §1851; 12 C.F.R. Part 248,,,,UNVERIFIED,,
credit_trading,A1,Volcker Rule — market-making exemption compliance | US | Dodd-Frank §619; 12 CFR 248.4,,,,UNVERIFIED,,
credit_trading,A2,"Bank of America Corporation | 10-K | FY2023 | Fixed income, currencies and commodities",,,,UNVERIFIED,,
credit_trading,A2,Barclays PLC | Annual Report | FY2023 | Investment Bank - Global Markets: FICC,,,,UNVERIFIED,,
credit_trading,A2,Barclays PLC | Form 20-F | FY2023 | FICC,,,,UNVERIFIED,,
credit_trading,A2,Citigroup Inc. | Form 10-K | FY2023 | Fixed Income markets,,,,UNVERIFIED,,
credit_trading,A2,Citigroup Inc. | Form 10-K | FY2023 | Spread products / other fixed income,,,,UNVERIFIED,,
credit_trading,A2,Citigroup | Form 10-K | FY2023 | Fixed Income markets (Markets segment),,,,UNVERIFIED,,
credit_trading,A2,"Deutsche Bank AG | Annual Report (Form 20-F / Annual Report) | FY2023 | Fixed Income, Currencies (FIC) Sales & Trading",,,,UNVERIFIED,,
credit_trading,A2,"Deutsche Bank AG | Annual Report | FY2023 | Credit (within Investment Bank, Sales & Trading)",,,,UNVERIFIED,,
credit_trading,A2,"Deutsche Bank | Annual Report | FY2023 | Investment Bank — Fixed Income, Currencies (FIC) Sales & Trading",,,,UNVERIFIED,,
credit_trading,A2,"Goldman Sachs Group, Inc. | 2024 Form 10-K | FY2024 | Fixed Income, Currency and Commodities",,,,UNVERIFIED,,
credit_trading,A2,JPMorgan Chase & Co. | Form 10-K | FY2023 | Fixed Income Markets,,,,UNVERIFIED,,
credit_trading,A2,JPMorgan Chase & Co. | Form 10-K | FY2024 | Fixed Income Markets,,,,UNVERIFIED,,
credit_trading,A2,"The Goldman Sachs Group, Inc. | Form 10-K | FY2023 | FICC intermediation",,,,UNVERIFIED,,
credit_trading,A2,"The Goldman Sachs Group, Inc. | Form 10-K | FY2023 | FICC intermediation (credit products component of Global Banking & Markets net revenues)",,,,UNVERIFIED,,
credit_trading,A2,"The Goldman Sachs Group, Inc. | Form 10-K | FY2024 | FICC",,,,UNVERIFIED,,
credit_trading,A3,BIS | Semiannual OTC derivatives statistics - credit derivatives notional outstanding | 9.8 USD trillion | as_of 2022-06,,,,UNVERIFIED,,
credit_trading,A3,"BIS | Semiannual OTC derivatives statistics — credit default swaps, notional amounts outstanding | 8.4 USD trillion | as_of 2023-06-30",,,,UNVERIFIED,,
credit_trading,A3,BIS | Triennial Central Bank Survey 2022: credit derivatives daily average turnover | 0.4 USD trillion/day | as_of 2022-04,,,,UNVERIFIED,,
credit_trading,A3,"Bank for International Settlements | OTC derivatives statistics — credit default swaps, notional amounts outstanding | 8.5 USD trillion | as_of 2024-06-30",,,,UNVERIFIED,,
credit_trading,A3,"Bank for International Settlements | OTC derivatives statistics — credit default swaps, notional amounts outstanding | 8.6 USD trillion (approximate) | as_of 2023-12-31",,,,UNVERIFIED,,
credit_trading,A3,Bank for International Settlements | OTC derivatives statistics: credit derivatives notional amount outstanding | 9.7 USD trillion | as_of 2024-06-30,,,,UNVERIFIED,,
credit_trading,A3,"Bank for International Settlements | OTC derivatives statistics—credit derivatives, notional amounts outstanding | 10.0 USD trillion | as_of 2023-12-31",,,,UNVERIFIED,,
credit_trading,A3,FINRA | TRACE corporate bond average daily par volume | 45 USD billion per day (approximate) | as_of 2023,,,,UNVERIFIED,,
credit_trading,A3,SIFMA Research | U.S. corporate bond average daily trading volume | 41.9 USD billion per day | as_of 2023-12-31,,,,UNVERIFIED,,
credit_trading,A3,SIFMA | Capital Markets Fact Book 2024 — US corporate bond average daily trading volume | 43.2 USD billions per day | as_of 2023-12-31,,,,UNVERIFIED,,
credit_trading,A3,SIFMA | U.S. corporate bonds outstanding (Capital Markets Fact Book) | 10.9 USD trillions | as_of 2023-12,,,,UNVERIFIED,,
credit_trading,A3,SIFMA | US corporate bond average daily trading volume (TRACE) | 40.5 USD billion per day | as_of 2023-12-31,,,,UNVERIFIED,,
credit_trading,A3,SIFMA | US corporate bond average daily trading volume (TRACE) | 45 USD billion per day | as_of 2024-12-31,,,,UNVERIFIED,,
credit_trading,A3,SIFMA | US corporate bonds outstanding | 10.9 USD trillion (approximate) | as_of 2023-12-31,,,,UNVERIFIED,,
credit_trading,A3,Securities Industry and Financial Markets Association | U.S. Corporate Bonds Outstanding | 10.9 USD trillion | as_of 2023-12-31,,,,UNVERIFIED,,
credit_trading,A4,"SEAT: Corporate bond / CDS market maker; Corporate credit and credit derivatives trader; Credit flow trader (investment-grade and high-yield bonds, CDS indices and single names); Credit market maker (IG/HY cash, CDS index and single-name) and credit portfolio trader; Credit market maker (investment grade / high yield cash, CDS index and single name) with desk analyst support; Credit market-making trader (IG/HY cash, CDS index and single name) with desk analyst support; Credit trader (investment grade, high yield, distressed, CDS indices and single names); Credit trader / market-maker; Credit trader and CDS/credit index hedger; Credit trading desk (cash bonds, CDS indices/options, loan trading); Investment-grade, high-yield, distressed, municipal and credit-derivatives sales and trading; Investment-grade, high-yield, distressed-debt and credit-derivatives salespeople and traders; Investment-grade, high-yield, distressed-debt and credit-derivatives salespeople, traders and structurers | cost_per_seat midpoint median 850000.0 | determinable_fraction median 0.5 | 44 terminality tasks",,,,UNVERIFIED,,
cross_asset_structuring,A1,CFTC business conduct standards for swap dealers | United States | 17 C.F.R. § 23.201 et seq.,,,,UNVERIFIED,,
cross_asset_structuring,A1,EMIR | European Union | Regulation (EU) No 648/2012 Article 11,,,,UNVERIFIED,,
cross_asset_structuring,A1,"EU MiFID II product governance and suitability | European Union | Directive 2014/65/EU, Article 24",,,,UNVERIFIED,,
cross_asset_structuring,A1,"Fundamental Review of the Trading Book | Basel Committee jurisdictions | Basel Framework, MAR20-MAR50",,,,UNVERIFIED,,
cross_asset_structuring,A1,PRIIPs | European Union | Regulation (EU) No 1286/2014 Article 5,,,,UNVERIFIED,,
cross_asset_structuring,A1,Uncleared Swap Margin Requirements | United States | 12 C.F.R. Part 45 and 17 C.F.R. §§23.150-23.161,,,,UNVERIFIED,,
cross_asset_structuring,A2,"Goldman Sachs Group, Inc. | 2024 Form 10-K | FY2024 | Global Banking & Markets",,,,UNVERIFIED,,
cross_asset_structuring,A2,JPMorgan Chase & Co. | Form 10-K | FY2023 | Fixed Income Markets,,,,UNVERIFIED,,
cross_asset_structuring,A2,"The Goldman Sachs Group, Inc. | Form 10-K | FY2024 | Equities",,,,UNVERIFIED,,
cross_asset_structuring,A2,"The Goldman Sachs Group, Inc. | Form 10-K | FY2024 | FICC",,,,UNVERIFIED,,
cross_asset_structuring,A3,BIS | Semiannual OTC derivatives statistics - gross market value | 18.2 USD trillion | as_of 2023-12,,,,UNVERIFIED,,
cross_asset_structuring,A3,Bank for International Settlements | OTC derivatives statistics—total notional amounts outstanding | 667.0 USD trillion | as_of 2023-12-31,,,,UNVERIFIED,,
cross_asset_structuring,A4,"SEAT: Cross-asset derivatives structurer; Cross-asset structurers, quantitative strategists, derivatives marketers and transaction engineers; Structuring and cross-asset solutions specialist | cost_per_seat midpoint median 700000.0 | determinable_fraction median 0.45 | 9 terminality tasks",,,,UNVERIFIED,,
custody_asset_servicing,A1,"AIFMD depositary duties (safekeeping, cash monitoring, oversight) | EU | Directive 2011/61/EU Art 21; Commission Delegated Regulation (EU) No 231/2013 Arts 85–99",,,,UNVERIFIED,,
custody_asset_servicing,A1,Adviser custody rule | US / SEC | 17 CFR 275.206(4)-2 (Advisers Act custody rule),,,,UNVERIFIED,,
custody_asset_servicing,A1,Adviser custody rule | US | Investment Advisers Act Rule 206(4)-2 (17 CFR 275.206(4)-2),,,,UNVERIFIED,,
custody_asset_servicing,A1,"Custody of investment company assets with foreign custodians and securities depositories | US | Investment Company Act Rules 17f-5 and 17f-7 (17 CFR 270.17f-5, 270.17f-7)",,,,UNVERIFIED,,
custody_asset_servicing,A1,"Custody of registered investment company assets abroad | US / SEC | 17 CFR 270.17f-5 and 270.17f-7 (Investment Company Act Rules 17f-5, 17f-7)",,,,UNVERIFIED,,
custody_asset_servicing,A1,"Depositary duties for UCITS and AIF assets (safekeeping, oversight, cash monitoring) | EU | Directive 2009/65/EC (UCITS) Article 22 and Directive 2011/61/EU (AIFMD) Article 21; Commission Delegated Regulation (EU) 2016/438",,,,UNVERIFIED,,
custody_asset_servicing,A1,UCITS depositary duties | EU | Directive 2009/65/EC Arts 22–22a and 24; Commission Delegated Regulation (EU) 2016/438,,,,UNVERIFIED,,
custody_asset_servicing,A2,BNY Mellon | Form 10-K | FY2023 | Investment services fees,,,,UNVERIFIED,,
custody_asset_servicing,A2,Citigroup | Form 10-K | FY2023 | Securities Services (Services segment),,,,UNVERIFIED,,
custody_asset_servicing,A2,JPMorgan Chase & Co. | Form 10-K | FY2023 | Securities Services (Corporate & Investment Bank revenue),,,,UNVERIFIED,,
custody_asset_servicing,A2,State Street Corporation | Form 10-K | FY2023 | Servicing fees,,,,UNVERIFIED,,
custody_asset_servicing,A2,The Bank of New York Mellon Corporation | Form 10-K | FY2024 | Investment services fees,,,,UNVERIFIED,,
custody_asset_servicing,A3,BNY Mellon | Assets under custody and/or administration (AUC/A) | 47.8 USD trillion | as_of 2023-12-31,,,,UNVERIFIED,,
custody_asset_servicing,A3,Boston Consulting Group | Global Asset Management report — global assets under management | 120 USD trillion (approximate) | as_of 2023-12-31,,,,UNVERIFIED,,
custody_asset_servicing,A3,Investment Company Institute | Worldwide regulated open-end fund total net assets | 68.9 USD trillion | as_of 2023-12-31,,,,UNVERIFIED,,
custody_asset_servicing,A3,The Bank of New York Mellon Corporation | Assets under custody and/or administration (AUC/A) | 52.1 USD trillion | as_of 2024-12-31,,,,UNVERIFIED,,
custody_asset_servicing,A4,"SEAT: Asset servicing / corporate actions and income processing analyst, custody client operations; Asset servicing specialist — corporate actions, income/tax, proxy and depositary oversight (onshore hubs: New York, London, Dublin, Luxembourg, Hong Kong) | cost_per_seat midpoint median 250000.0 | determinable_fraction median 0.85 | 8 terminality tasks",,,,UNVERIFIED,,
dcm_origination,A1,Corporate financing rule — underwriting terms and arrangements | US / FINRA | FINRA Rule 5110,,,,UNVERIFIED,,
dcm_origination,A1,"EU Prospectus Regulation | EU | Regulation (EU) 2017/1129, Art. 3",,,,UNVERIFIED,,
dcm_origination,A1,EU Prospectus Regulation | European Union | Regulation (EU) 2017/1129 Article 6,,,,UNVERIFIED,,
dcm_origination,A1,FINRA Rule 5141 | United States | FINRA Rule 5141,,,,UNVERIFIED,,
dcm_origination,A1,Private placement and offshore offering safe harbours | US / SEC | Securities Act Rule 144A (17 CFR 230.144A) and Regulation S (17 CFR 230.901–905),,,,UNVERIFIED,,
dcm_origination,A1,"Prospectus Regulation | European Union | Regulation (EU) 2017/1129, Articles 3 and 6",,,,UNVERIFIED,,
dcm_origination,A1,"Prospectus Regulation — approval and publication of the prospectus | EU | Regulation (EU) 2017/1129, Articles 3, 6 and 20",,,,UNVERIFIED,,
dcm_origination,A1,"Prospectus requirements for public debt offerings | EU | Regulation (EU) 2017/1129 Arts 3, 6 and 21",,,,UNVERIFIED,,
dcm_origination,A1,Securities Act Rule 15c2-12 | United States | 17 C.F.R. §240.15c2-12,,,,UNVERIFIED,,
dcm_origination,A1,"Securities Act registration and private placement exemptions used for bond offerings | US | Securities Act of 1933, Section 5; Rule 144A (17 CFR 230.144A); Regulation S (17 CFR 230.901–905)",,,,UNVERIFIED,,
dcm_origination,A1,Securities Act registration requirement | United States | Securities Act of 1933 section 5; 15 U.S.C. § 77e,,,,UNVERIFIED,,
dcm_origination,A1,Securities Act registration | US | Securities Act of 1933 § 5 (15 USC 77e); Rule 144A (17 CFR 230.144A),,,,UNVERIFIED,,
dcm_origination,A1,Stabilisation safe harbour and disclosure | EU | Regulation (EU) No 596/2014 (MAR) Art 5; Commission Delegated Regulation (EU) 2016/1052,,,,UNVERIFIED,,
dcm_origination,A1,U.S. Securities Act of 1933 | United States | Section 5,,,,UNVERIFIED,,
dcm_origination,A2,Deutsche Bank AG | Annual Report | FY2023 | Origination & Advisory — Debt Origination,,,,UNVERIFIED,,
dcm_origination,A2,JPMorgan Chase & Co. | 10-K | FY2023 | Debt underwriting,,,,UNVERIFIED,,
dcm_origination,A2,JPMorgan Chase & Co. | Form 10-K | FY2023 | Debt underwriting,,,,UNVERIFIED,,
dcm_origination,A2,JPMorgan Chase & Co. | Form 10-K | FY2023 | Investment banking fees — Debt underwriting,,,,UNVERIFIED,,
dcm_origination,A2,Morgan Stanley | Form 10-K | FY2023 | Underwriting — Fixed income underwriting revenues (Institutional Securities),,,,UNVERIFIED,,
dcm_origination,A2,The Goldman Sachs Group | Form 10-K | FY2023 | Investment banking fees — Debt underwriting,,,,UNVERIFIED,,
dcm_origination,A2,"The Goldman Sachs Group, Inc. | Form 10-K | FY2024 | Debt underwriting",,,,UNVERIFIED,,
dcm_origination,A3,"Bank for International Settlements | Debt securities statistics: total debt securities outstanding, all issuers | 145.1 USD trillion | as_of 2024-12-31",,,,UNVERIFIED,,
dcm_origination,A3,LSEG (Refinitiv) Deals Intelligence | Global debt capital markets proceeds | 9.0 USD trillion per year | as_of 2024-12-31,,,,UNVERIFIED,,
dcm_origination,A3,LSEG Deals Intelligence (Refinitiv) | Global debt capital markets proceeds | 8.6 USD trillion | as_of 2023-12-31,,,,UNVERIFIED,,
dcm_origination,A3,SIFMA Research | U.S. corporate bond issuance | 1.8 USD trillion | as_of 2023-12-31,,,,UNVERIFIED,,
dcm_origination,A3,SIFMA | US corporate bond issuance | 1.4 USD trillion per year | as_of 2023-12-31,,,,UNVERIFIED,,
dcm_origination,A3,SIFMA | US corporate bond issuance | 1.42 USD trillion (approximate) | as_of 2023,,,,UNVERIFIED,,
dcm_origination,A3,SIFMA | US corporate bonds outstanding | 10.9 USD trillion (approximate) | as_of 2023-12-31,,,,UNVERIFIED,,
dcm_origination,A4,"SEAT: DCM originator / syndicate desk banker; Debt capital markets banker / syndicate; Debt capital markets origination banker and syndicate desk (bookrunning, pricing, allocation); Debt capital markets origination banker and syndicate desk (pricing, bookbuilding, allocation); Debt capital markets originator and syndicate banker; Debt-capital-markets origination, structuring, syndication and liability-management bankers | cost_per_seat midpoint median 775000.0 | determinable_fraction median 0.435 | 21 terminality tasks",,,,UNVERIFIED,,
ecm_origination,A1,"Activities of underwriters and issuers during a distribution | US / SEC | Regulation M, 17 CFR 242.101–242.105 (including Rule 105 short-selling restriction)",,,,UNVERIFIED,,
ecm_origination,A1,Corporate financing rule for equity underwritings | US / FINRA | FINRA Rule 5110 and Rule 5131 (new issue allocations),,,,UNVERIFIED,,
ecm_origination,A1,"EU Prospectus Regulation | EU | Regulation (EU) 2017/1129, Art. 3",,,,UNVERIFIED,,
ecm_origination,A1,FINRA IPO allocation rules | US | FINRA Rule 5131,,,,UNVERIFIED,,
ecm_origination,A1,FINRA Rule 5110 | United States | FINRA Rule 5110,,,,UNVERIFIED,,
ecm_origination,A1,"Prospectus Regulation | European Union | Regulation (EU) 2017/1129, Articles 3 and 6",,,,UNVERIFIED,,
ecm_origination,A1,"Prospectus and equity offering disclosure | EU | Regulation (EU) 2017/1129 Arts 3, 6, 21 and Annexes 1/11 (Commission Delegated Regulation (EU) 2019/980)",,,,UNVERIFIED,,
ecm_origination,A1,SEC Regulation M | United States | 17 C.F.R. §242.101,,,,UNVERIFIED,,
ecm_origination,A1,Securities Act registration requirement | United States | Securities Act of 1933 section 5; 15 U.S.C. § 77e,,,,UNVERIFIED,,
ecm_origination,A1,Securities Act registration | US | Securities Act of 1933 § 5 (15 USC 77e),,,,UNVERIFIED,,
ecm_origination,A1,U.S. Securities Act of 1933 | United States | Section 5,,,,UNVERIFIED,,
ecm_origination,A1,U.S. Securities and Exchange Commission Regulation M | United States | 17 CFR § 242.101,,,,UNVERIFIED,,
ecm_origination,A2,JPMorgan Chase & Co. | 10-K | FY2023 | Equity underwriting,,,,UNVERIFIED,,
ecm_origination,A2,JPMorgan Chase & Co. | Form 10-K | FY2023 | Equity underwriting,,,,UNVERIFIED,,
ecm_origination,A2,Morgan Stanley | Form 10-K | FY2023 | Underwriting — Equity underwriting revenues (Institutional Securities),,,,UNVERIFIED,,
ecm_origination,A2,The Goldman Sachs Group | Form 10-K | FY2023 | Investment banking fees — Equity underwriting,,,,UNVERIFIED,,
ecm_origination,A2,"The Goldman Sachs Group, Inc. | Form 10-K | FY2024 | Equity underwriting",,,,UNVERIFIED,,
ecm_origination,A3,LSEG (Refinitiv) Deals Intelligence | Global equity and equity-related issuance | 519 USD billion (approximate) | as_of 2023,,,,UNVERIFIED,,
ecm_origination,A3,LSEG Deals Intelligence (Refinitiv) | Global equity capital markets proceeds | 480 USD billion | as_of 2023-12-31,,,,UNVERIFIED,,
ecm_origination,A3,LSEG/Refinitiv | Global equity capital markets issuance | 532.0 USD billion | as_of 2023-12-31,,,,UNVERIFIED,,
ecm_origination,A3,World Federation of Exchanges | WFE Statistics: domestic market capitalization | 124.0 USD trillion | as_of 2024-12-31,,,,UNVERIFIED,,
ecm_origination,A4,"SEAT: ECM syndicate / origination banker; Equity capital markets banker / syndicate; Equity capital markets origination banker and ECM syndicate (bookbuild, pricing, stabilisation); Equity capital markets originator and syndicate banker; Equity-capital-markets origination, structuring, equity syndicate and private-placement bankers | cost_per_seat midpoint median 800000.0 | determinable_fraction median 0.42 | 17 terminality tasks",,,,UNVERIFIED,,
electronic_execution,A1,"EU Markets in Financial Instruments Directive II | EU | Directive 2014/65/EU, Article 17 and Commission Delegated Regulation (EU) 2017/589",,,,UNVERIFIED,,
electronic_execution,A1,"MiFID II algorithmic trading controls | EU | Directive 2014/65/EU (MiFID II), Article 17; Commission Delegated Regulation (RTS 6)",,,,UNVERIFIED,,
electronic_execution,A1,"MiFID II — algorithmic trading systems and controls | EU | Directive 2014/65/EU, Art. 17; Commission Delegated Regulation (EU) 2017/589 (RTS 6)",,,,UNVERIFIED,,
electronic_execution,A1,SEC — Market Access Rule | US | 17 C.F.R. § 240.15c3-5,,,,UNVERIFIED,,
electronic_execution,A1,SEC — Regulation Systems Compliance and Integrity | US | 17 C.F.R. §§ 242.1000–242.1007,,,,UNVERIFIED,,
electronic_execution,A1,U.S. Securities and Exchange Commission Market Access Rule | United States | 17 CFR § 240.15c3-5,,,,UNVERIFIED,,
electronic_execution,A2,"Goldman Sachs Group, Inc. | 10-K | FY2023 | Equities client execution",,,,UNVERIFIED,,
electronic_execution,A2,JPMorgan Chase & Co. | Form 10-K | FY2023 | Equity Markets (electronic trading embedded within Markets),,,,UNVERIFIED,,
electronic_execution,A2,"The Goldman Sachs Group, Inc. | Form 10-K | FY2023 | Equities intermediation",,,,UNVERIFIED,,
electronic_execution,A3,"MarketAxess Holdings Inc. | Total credit trading volume, fiscal year 2023 | 1700000000000 USD | as_of 2023-12-31",,,,UNVERIFIED,,
electronic_execution,A4,"SEAT: Electronic trading & algo development (e-quants, algo traders, platform engineers embedded in trading); Electronic trading quant and algorithmic execution developer; Electronic trading strategist/quant developer (execution algorithms, smart order routing, algo testing and certification) | cost_per_seat midpoint median 550000.0 | determinable_fraction median 0.75 | 10 terminality tasks",,,,UNVERIFIED,,
em_trading,A1,CFTC Part 23 | United States | 17 C.F.R. Part 23,,,,UNVERIFIED,,
em_trading,A1,CFTC swap data reporting (NDFs) | US | 17 CFR Part 45,,,,UNVERIFIED,,
em_trading,A1,CFTC swap dealer business conduct standards | United States | 17 C.F.R. § 23.201 et seq.,,,,UNVERIFIED,,
em_trading,A1,Dodd-Frank Title VII — NDFs and EM derivatives treated as swaps; swap data reporting | US | 7 U.S.C. §2(h); CFTC Part 45,,,,UNVERIFIED,,
em_trading,A1,"Dodd-Frank Title VII — cross-border application of swap rules | US | CEA § 2(i) (7 U.S.C. § 2(i)); CFTC Cross-Border Guidance, 78 Fed. Reg. 45292 (July 26, 2013)",,,,UNVERIFIED,,
em_trading,A1,"EMIR reporting obligation | EU | Regulation (EU) No 648/2012, Art. 9",,,,UNVERIFIED,,
em_trading,A1,"EMIR risk mitigation for OTC derivatives | European Union | Regulation (EU) No 648/2012, Article 11",,,,UNVERIFIED,,
em_trading,A1,EMIR | European Union | Regulation (EU) No 648/2012 Article 9,,,,UNVERIFIED,,
em_trading,A1,"EMIR — clearing and reporting for OTC derivatives | EU | Regulation (EU) No 648/2012, Arts. 4 & 9",,,,UNVERIFIED,,
em_trading,A1,MAS — OTC derivatives trade reporting | Singapore | Securities and Futures (Reporting of Derivatives Contracts) Regulations 2013,,,,UNVERIFIED,,
em_trading,A1,RBI — rupee FX and interest rate derivative dealing framework | IN | RBI Master Direction — Risk Management and Inter-Bank Dealings (as amended),,,,UNVERIFIED,,
em_trading,A2,"Goldman Sachs Group, Inc. | 2024 Form 10-K | FY2024 | Fixed Income, Currency and Commodities",,,,UNVERIFIED,,
em_trading,A2,HSBC Holdings plc | Annual Report and Accounts (Form 20-F) | FY2023 | Global Debt Markets,,,,UNVERIFIED,,
em_trading,A2,JPMorgan Chase & Co. | Form 10-K | FY2023 | Fixed Income Markets,,,,UNVERIFIED,,
em_trading,A2,Standard Chartered PLC | Annual Report | FY2023 | Macro Trading,,,,UNVERIFIED,,
em_trading,A3,BIS | Triennial Central Bank Survey 2022 - FX turnover in emerging market currencies | 1.7 USD trillion per day | as_of 2022-04,,,,UNVERIFIED,,
em_trading,A3,EMTA (Emerging Markets Trade Association) | Annual Debt Trading Volume Survey | 5.9 USD trillions per year | as_of 2023-12-31,,,,UNVERIFIED,,
em_trading,A3,EMTA | Annual EM debt trading volume survey | 5.9 USD trillion | as_of 2023-12-31,,,,UNVERIFIED,,
em_trading,A4,"SEAT: EM local markets and hard currency trader; EM macro trader / market-maker; Emerging markets rates / FX trader; Emerging markets trader (local currency rates, EM FX including NDFs, sovereign and corporate EM credit); Emerging markets trader (local rates and FX, sovereign hard-currency credit, NDFs) | cost_per_seat midpoint median 650000.0 | determinable_fraction median 0.5 | 18 terminality tasks",,,,UNVERIFIED,,
equities_trading,A1,"Algorithmic trading systems and controls | EU | Commission Delegated Regulation (EU) 2017/589 (RTS 6), Arts 2–18 (annual self-assessment, kill functionality, pre-trade controls)",,,,UNVERIFIED,,
equities_trading,A1,Best execution obligation | US / EU | FINRA Rule 5310; MiFID II Directive 2014/65/EU Article 27 and Commission Delegated Regulation (EU) 2017/565 Articles 64-66,,,,UNVERIFIED,,
equities_trading,A1,Best execution | US / FINRA | FINRA Rule 5310 (Best Execution and Interpositioning),,,,UNVERIFIED,,
equities_trading,A1,Consolidated Audit Trail reporting | US | SEC Rule 613 (17 CFR 242.613) and the CAT NMS Plan,,,,UNVERIFIED,,
equities_trading,A1,Dodd-Frank Act | United States | 17 CFR § 240.15c3-5 (Market Access Rule),,,,UNVERIFIED,,
equities_trading,A1,"EU Markets in Financial Instruments Directive II | EU | Directive 2014/65/EU, Article 17",,,,UNVERIFIED,,
equities_trading,A1,EU Short Selling Regulation | European Union | Regulation (EU) No 236/2012,,,,UNVERIFIED,,
equities_trading,A1,"Market Abuse Regulation | EU | Regulation (EU) No 596/2014, Arts. 12 & 15",,,,UNVERIFIED,,
equities_trading,A1,"Market Access Rule (pre-trade risk controls for sponsored and direct market access) | US | SEC Rule 15c3-5, 17 CFR 240.15c3-5",,,,UNVERIFIED,,
equities_trading,A1,"Markets in Financial Instruments Directive II | European Union | Directive 2014/65/EU, Articles 24 and 27",,,,UNVERIFIED,,
equities_trading,A1,MiFID II / MiFIR | European Union | Directive 2014/65/EU Article 23; Regulation (EU) No 600/2014 Article 15,,,,UNVERIFIED,,
equities_trading,A1,"MiFID II best execution obligation and order execution policy | EU/UK | Directive 2014/65/EU, Article 27; FCA COBS 11.2A",,,,UNVERIFIED,,
equities_trading,A1,"MiFID II best execution | European Union | Directive 2014/65/EU, Article 27",,,,UNVERIFIED,,
equities_trading,A1,"MiFID II — best execution | EU | Directive 2014/65/EU, Art. 27",,,,UNVERIFIED,,
equities_trading,A1,"MiFIR equity transparency | EU | Regulation (EU) No 600/2014 (MiFIR), Articles 8-11",,,,UNVERIFIED,,
equities_trading,A1,"MiFIR — trading obligation for shares | EU | Regulation (EU) No 600/2014, Art. 3",,,,UNVERIFIED,,
equities_trading,A1,Regulation NMS (US equity market structure) | United States | 17 CFR 242.600 et seq.,,,,UNVERIFIED,,
equities_trading,A1,Regulation NMS order protection and order execution disclosures | US | 17 CFR 242.611 (Rule 611); 17 CFR 242.605 and 242.606 (execution quality and order routing disclosure),,,,UNVERIFIED,,
equities_trading,A1,Regulation NMS order protection and routing disclosure | US / SEC | 17 CFR 242.611 (Rule 611); 17 CFR 242.606 (Rule 606 order routing reports),,,,UNVERIFIED,,
equities_trading,A1,Regulation NMS order protection rule | US | 17 CFR 242.611,,,,UNVERIFIED,,
equities_trading,A1,"Regulation NMS order protection | United States | SEC Rule 611, 17 CFR § 242.611",,,,UNVERIFIED,,
equities_trading,A1,"Regulation NMS order-protection rule | United States | SEC Rule 611 of Regulation NMS, 17 CFR §242.611",,,,UNVERIFIED,,
equities_trading,A1,Regulation NMS | US | 17 C.F.R. §§ 242.600–242.612 (incl. Rule 611 order protection),,,,UNVERIFIED,,
equities_trading,A1,Regulation NMS | United States | 17 C.F.R. §242.606,,,,UNVERIFIED,,
equities_trading,A1,Regulation NMS — order protection | US | 17 CFR 242.611 (Rule 611),,,,UNVERIFIED,,
equities_trading,A1,"Regulation NMS — order protection, execution quality and order routing disclosure | US | 17 CFR 242.611 (Rule 611); 17 CFR 242.605 and 242.606",,,,UNVERIFIED,,
equities_trading,A1,Regulation National Market System | United States | 17 C.F.R. §§242.611 and 242.612,,,,UNVERIFIED,,
equities_trading,A1,Regulation SHO (short sale and locate requirements) | United States | 17 CFR 242.200 et seq.,,,,UNVERIFIED,,
equities_trading,A1,Regulation SHO locate and close-out requirements | US | 17 CFR 242.203,,,,UNVERIFIED,,
equities_trading,A1,Regulation SHO short sale rules | United States | 17 C.F.R. § 242.201,,,,UNVERIFIED,,
equities_trading,A1,Regulation SHO | US | 17 C.F.R. §§ 242.200–242.204 (Rule 203 locate and Rule 204 close-out),,,,UNVERIFIED,,
equities_trading,A1,SEC execution quality disclosure | US | 17 CFR 242.605 (Rule 605),,,,UNVERIFIED,,
equities_trading,A1,SEC market access rule | US | 17 CFR 240.15c3-5,,,,UNVERIFIED,,
equities_trading,A1,"Short sale locate and marking | US / SEC | Regulation SHO, 17 CFR 242.203(b) and 242.200(g)",,,,UNVERIFIED,,
equities_trading,A2,Bank of America | Form 10-K | FY2024 | Sales and trading revenue,,,,UNVERIFIED,,
equities_trading,A2,"Goldman Sachs Group, Inc. | 2024 Form 10-K | FY2024 | Equities",,,,UNVERIFIED,,
equities_trading,A2,"Goldman Sachs Group, Inc. | Form 10-K | FY2023 | Equities",,,,UNVERIFIED,,
equities_trading,A2,JPMorgan Chase & Co. | 10-K | FY2023 | Equity Markets,,,,UNVERIFIED,,
equities_trading,A2,JPMorgan Chase & Co. | Form 10-K | FY2023 | Equity Markets,,,,UNVERIFIED,,
equities_trading,A2,JPMorgan Chase & Co. | Form 10-K | FY2024 | Equity Markets,,,,UNVERIFIED,,
equities_trading,A2,Morgan Stanley | Form 10-K | FY2023 | Equity,,,,UNVERIFIED,,
equities_trading,A2,Morgan Stanley | Form 10-K | FY2023 | Equity net revenues (Institutional Securities),,,,UNVERIFIED,,
equities_trading,A2,Morgan Stanley | Form 10-K | FY2023 | Institutional Securities - Equity net revenues,,,,UNVERIFIED,,
equities_trading,A2,Morgan Stanley | Form 10-K | FY2023 | Institutional Securities — Equity,,,,UNVERIFIED,,
equities_trading,A2,The Goldman Sachs Group | Form 10-K | FY2023 | Equities intermediation (Global Banking & Markets),,,,UNVERIFIED,,
equities_trading,A2,"The Goldman Sachs Group, Inc. | Form 10-K | FY2023 | Equities intermediation",,,,UNVERIFIED,,
equities_trading,A2,"The Goldman Sachs Group, Inc. | Form 10-K | FY2023 | Equities intermediation (Global Banking & Markets net revenues)",,,,UNVERIFIED,,
equities_trading,A2,"The Goldman Sachs Group, Inc. | Form 10-K | FY2024 | Equities",,,,UNVERIFIED,,
equities_trading,A3,BIS | Triennial Central Bank Survey 2022: equity-linked derivatives daily average turnover | 0.4 USD trillion/day | as_of 2022-04,,,,UNVERIFIED,,
equities_trading,A3,Bank for International Settlements | OTC derivatives statistics: equity-linked derivatives notional amount outstanding | 8.8 USD trillion | as_of 2024-06-30,,,,UNVERIFIED,,
equities_trading,A3,Bank for International Settlements | Triennial Central Bank Survey — OTC equity-linked derivatives turnover | 0.3 USD trillion per day | as_of 2022-04-30,,,,UNVERIFIED,,
equities_trading,A3,Refinitiv | Equity Market Statistics | 28500 USD million daily turnover | as_of 2024-10-31,,,,UNVERIFIED,,
equities_trading,A3,SIFMA | Capital Markets Fact Book 2024 — US equity average daily volume | 11.4 billion shares per day | as_of 2023-12-31,,,,UNVERIFIED,,
equities_trading,A3,SIFMA | US equity market average daily share volume | 11.5 billion shares per day (approximate) | as_of 2023,,,,UNVERIFIED,,
equities_trading,A3,SIFMA | US equity market average daily share volume | 11.7 billion shares per day | as_of 2024-12-31,,,,UNVERIFIED,,
equities_trading,A3,SIFMA | US equity market average daily volume (shares) | 11.5 billion shares per day | as_of 2023-12-31,,,,UNVERIFIED,,
equities_trading,A3,World Federation of Exchanges (WFE) | Global Equity Trading Volume | 280.0 billion USD | as_of 2023-12-31,,,,UNVERIFIED,,
equities_trading,A3,"World Federation of Exchanges | Annual Statistics — value of share trading (electronic order book), all members | 100 USD trillion per year | as_of 2023-12-31",,,,UNVERIFIED,,
equities_trading,A3,"World Federation of Exchanges | Annual value of share trading (electronic order book), all members | 100 USD trillion per year (approximate) | as_of 2023",,,,UNVERIFIED,,
equities_trading,A3,World Federation of Exchanges | Global equity value traded | 126.5 USD trillion | as_of 2023,,,,UNVERIFIED,,
equities_trading,A3,World Federation of Exchanges | Market capitalization of listed companies (WFE Statistics) | 109 USD trillions | as_of 2023-12,,,,UNVERIFIED,,
equities_trading,A3,World Federation of Exchanges | Market capitalization of listed companies | 109.2 USD trillion | as_of 2023-12-31,,,,UNVERIFIED,,
equities_trading,A3,"World Federation of Exchanges | Value of share trading, all member exchanges (annual) | 110 USD trillion per year | as_of 2023-12-31",,,,UNVERIFIED,,
equities_trading,A3,World Federation of Exchanges | WFE Statistics: domestic market capitalization | 124.0 USD trillion | as_of 2024-12-31,,,,UNVERIFIED,,
equities_trading,A3,World Federation of Exchanges | WFE Statistics—domestic market capitalization | 115.0 USD trillion | as_of 2023-12-31,,,,UNVERIFIED,,
equities_trading,A4,"SEAT: Cash equities sales trader, high-touch/program trader and electronic execution (algo) desk support; Cash equities trader (agency execution, program trading, block trading, exchange market making); Cash equity execution / program trader and electronic trading (algo, SOR, market access) desk quant; Cash equity sales-trader / execution trader; Cash-equities sales traders, electronic traders, equity-derivatives traders and equity structurers; Cash-equities, program-trading, electronic-execution, equity-derivatives sales and trading; Cash-equity sales traders, electronic traders, program traders and equity-derivatives traders; Electronic/program execution trader, algo strategist and execution-quality analyst; Equities Sales Trader; Equities Trader; Equities cash and derivatives trader; Equities trader and program/derivatives risk manager; Equities trading desk (cash, program/basket, delta-one, options market makers); Equity execution trader / sales-trader (cash equities, agency and risk facilitation) | cost_per_seat midpoint median 650000.0 | determinable_fraction median 0.55 | 50 terminality tasks",,,,UNVERIFIED,,
equity_derivatives_structured,A1,CFTC — swap data reporting and real-time public reporting | US | 17 C.F.R. Parts 43 & 45,,,,UNVERIFIED,,
equity_derivatives_structured,A1,"EMIR — reporting of derivative contracts | EU | Regulation (EU) No 648/2012, Art. 9",,,,UNVERIFIED,,
equity_derivatives_structured,A1,MiFID II product governance | EU | Commission Delegated Directive (EU) 2017/593 Arts 9–10 (manufacturer/distributor target market),,,,UNVERIFIED,,
equity_derivatives_structured,A1,"MiFID II — algorithmic trading requirements | EU | Directive 2014/65/EU, Art. 17",,,,UNVERIFIED,,
equity_derivatives_structured,A1,"PRIIPs Regulation — key information document for structured products sold to retail | EU | Regulation (EU) No 1286/2014, Articles 5–8; Commission Delegated Regulation (EU) 2017/653",,,,UNVERIFIED,,
equity_derivatives_structured,A1,PRIIPs key information document for structured products | EU | Regulation (EU) No 1286/2014 Arts 5–8; RTS (Commission Delegated Regulation (EU) 2017/653) on performance scenarios and SRI,,,,UNVERIFIED,,
equity_derivatives_structured,A1,PRIIPs key information documents for structured products sold to retail | EU | Regulation (EU) No 1286/2014; RTS Commission Delegated Regulation (EU) 2017/653,,,,UNVERIFIED,,
equity_derivatives_structured,A1,Product governance / target market determination | EU | MiFID II Directive 2014/65/EU Article 16(3) and Article 24(2); Delegated Directive (EU) 2017/593 Articles 9-10,,,,UNVERIFIED,,
equity_derivatives_structured,A1,"Prospectus Regulation — base prospectus and final terms for structured note programmes | EU | Regulation (EU) 2017/1129, Articles 6 and 8",,,,UNVERIFIED,,
equity_derivatives_structured,A1,Registered offerings of structured notes off a shelf registration | US / SEC | Securities Act Rule 424(b)(2); Form S-3 / free writing prospectus Rule 433,,,,UNVERIFIED,,
equity_derivatives_structured,A1,"Risk mitigation for non-cleared OTC derivatives (confirmation, portfolio reconciliation) | EU | Regulation (EU) No 648/2012 (EMIR) Art 11; Commission Delegated Regulation (EU) No 149/2013",,,,UNVERIFIED,,
equity_derivatives_structured,A1,SEC security-based swap reporting (Reg SBSR) | US | 17 CFR 242.901 and 242.907,,,,UNVERIFIED,,
equity_derivatives_structured,A1,SEC security-based swap reporting (Regulation SBSR) | US | 17 CFR 242.901,,,,UNVERIFIED,,
equity_derivatives_structured,A1,SEC — security-based swap data reporting (Regulation SBSR) | US | 17 C.F.R. §§ 242.900–242.909,,,,UNVERIFIED,,
equity_derivatives_structured,A1,"Securities Act registration/exemption and pricing supplements for US structured notes | US | Securities Act of 1933, Section 5; Rule 424(b)(2), 17 CFR 230.424",,,,UNVERIFIED,,
equity_derivatives_structured,A1,Securities-based swap dealer business conduct | US | SEC Rule 15Fh-3 (17 CFR 240.15Fh-3),,,,UNVERIFIED,,
equity_derivatives_structured,A2,BNP Paribas SA | Universal Registration Document | FY2023 | Equity & Prime Services,,,,UNVERIFIED,,
equity_derivatives_structured,A2,BNP Paribas | Universal Registration Document | FY2023 | Global Markets - Equity & Prime Services,,,,UNVERIFIED,,
equity_derivatives_structured,A2,Morgan Stanley | Form 10-K | FY2023 | Institutional Securities — Equity,,,,UNVERIFIED,,
equity_derivatives_structured,A2,Société Générale | Universal Registration Document | FY2023 | Global Markets — Equities and Prime Services,,,,UNVERIFIED,,
equity_derivatives_structured,A2,The Goldman Sachs Group | Form 10-K | FY2023 | Equities intermediation,,,,UNVERIFIED,,
equity_derivatives_structured,A2,"The Goldman Sachs Group, Inc. | Form 10-K | FY2023 | Equities intermediation",,,,UNVERIFIED,,
equity_derivatives_structured,A2,"The Goldman Sachs Group, Inc. | Form 10-K | FY2023 | Equities intermediation (Global Banking & Markets net revenues)",,,,UNVERIFIED,,
equity_derivatives_structured,A2,UBS Group AG | Annual Report | FY2023 | Derivatives & Solutions,,,,UNVERIFIED,,
equity_derivatives_structured,A3,"BIS | Semiannual OTC derivatives statistics — equity-linked derivatives, notional amounts outstanding | 7.3 USD trillion | as_of 2023-06-30",,,,UNVERIFIED,,
equity_derivatives_structured,A3,"Bank for International Settlements | OTC derivatives statistics — equity-linked contracts, notional amounts outstanding | 7.0 USD trillion (approximate) | as_of 2023-12-31",,,,UNVERIFIED,,
equity_derivatives_structured,A3,"Bank for International Settlements | OTC derivatives statistics — equity-linked contracts, notional amounts outstanding | 7.8 USD trillion | as_of 2024-06-30",,,,UNVERIFIED,,
equity_derivatives_structured,A3,"Bank for International Settlements | Semiannual OTC derivatives statistics — equity-linked contracts, notional outstanding | 7.3 USD trillions | as_of 2023-06-30",,,,UNVERIFIED,,
equity_derivatives_structured,A3,ETFGI | Global ETF/ETP assets under management | 11.6 USD trillion | as_of 2023-12-31,,,,UNVERIFIED,,
equity_derivatives_structured,A3,"Futures Industry Association | Global exchange-traded derivatives volume — equity index options and futures contracts traded | 137.3 billion contracts (all ETD, of which equity index dominant) | as_of 2023-12-31",,,,UNVERIFIED,,
equity_derivatives_structured,A3,"Options Clearing Corporation | Total cleared contract volume (equity, index and ETF options) | 12.0 billion contracts per year | as_of 2024-12-31",,,,UNVERIFIED,,
equity_derivatives_structured,A3,The Options Clearing Corporation | Annual cleared contract volume | 11.1 billions of contracts | as_of 2023-12,,,,UNVERIFIED,,
equity_derivatives_structured,A4,"SEAT: Equity derivatives / exotics trader, structurer and desk quant; Equity derivatives / structured products trader and structurer with pricing quant support; Equity derivatives trader (flow options, exotics/structuring, delta one) and structured products structurer; Equity derivatives trader (listed options, OTC exotics, structured products, delta-one); Equity derivatives trader (listed/OTC options, equity swaps, structured notes, dividend and volatility products); Equity derivatives trader / structured products structurer | cost_per_seat midpoint median 950000.0 | determinable_fraction median 0.525 | 24 terminality tasks",,,,UNVERIFIED,,
ficc_combined,A1,"MiFID II | European Union | Directive 2014/65/EU, Article 17",,,,UNVERIFIED,,
ficc_combined,A1,"MiFID II | European Union | Directive 2014/65/EU, Article 17 (Best Execution)",,,,UNVERIFIED,,
ficc_combined,A2,"JPMorgan Chase & Co. | Form 10-K | FY2023 | Fixed Income, Currency, and Commodities (FICC)",,,,UNVERIFIED,,
ficc_combined,A2,"JPMorgan Chase & Co. | Form 10-K | FY2024 | Fixed Income, Currency and Commodities",,,,UNVERIFIED,,
ficc_combined,A3,Bank for International Settlements (BIS) | OTC Derivatives Notional Outstanding | 620.0 trillion USD | as_of 2023-12-31,,,,UNVERIFIED,,
ficc_combined,A3,Bank for International Settlements | Triennial Central Bank Survey | 7500 USD trillion daily turnover | as_of 2022-04-01,,,,UNVERIFIED,,
ficc_combined,A4,SEAT: FICC Sales Trader; FICC Trader | cost_per_seat midpoint median 525000.0 | determinable_fraction median 0.42500000000000004 | 6 terminality tasks,,,,UNVERIFIED,,
fx_trading,A1,CFTC swap data reporting (incl. NDFs; exempt FX swaps/forwards remain reportable per 2012 Treasury determination) | US | 17 CFR Part 45,,,,UNVERIFIED,,
fx_trading,A1,CFTC swap dealer external business conduct standards (applies to FX options and NDFs) | US | 17 CFR 23.400–23.451,,,,UNVERIFIED,,
fx_trading,A1,Commodity Exchange Act / CFTC foreign exchange rules | United States | 7 U.S.C. § 2(c)(2); 17 C.F.R. Part 5,,,,UNVERIFIED,,
fx_trading,A1,Commodity Exchange Act — FX swaps/forwards exempted from swap definition but subject to reporting and anti-evasion provisions | US | CEA §1a(47)(E); U.S. Treasury determination (Nov. 2012); CFTC Part 45 reporting,,,,UNVERIFIED,,
fx_trading,A1,Dodd-Frank Act Title VII | United States | Commodity Exchange Act §2(c)(2); CFTC Part 5,,,,UNVERIFIED,,
fx_trading,A1,"Dodd-Frank swap-dealer business-conduct standards | United States | 17 C.F.R. Part 23, including §§23.402, 23.431 and 23.501",,,,UNVERIFIED,,
fx_trading,A1,"EMIR reporting of FX derivatives | EU | Regulation (EU) No 648/2012 (EMIR), Article 9",,,,UNVERIFIED,,
fx_trading,A1,"EMIR risk mitigation for OTC derivatives | European Union | Regulation (EU) No 648/2012, Article 11",,,,UNVERIFIED,,
fx_trading,A1,EMIR | European Union | Regulation (EU) No 648/2012 Article 4,,,,UNVERIFIED,,
fx_trading,A1,"EMIR | European Union | Regulation (EU) No 648/2012, Article 11 (Margin for non-centrally cleared derivatives)",,,,UNVERIFIED,,
fx_trading,A1,"EMIR — reporting of FX derivative contracts to trade repositories | EU | Regulation (EU) No 648/2012, Art. 9",,,,UNVERIFIED,,
fx_trading,A1,"EU Benchmarks Regulation — administration and use of FX fixings | EU | Regulation (EU) 2016/1011, Title III",,,,UNVERIFIED,,
fx_trading,A1,"European Market Infrastructure Regulation | European Union | Regulation (EU) No 648/2012, Articles 4, 9 and 11",,,,UNVERIFIED,,
fx_trading,A1,"FX Global Code (industry code adhered to via central bank FX committees) | Global / GFXC | FX Global Code (2021 update), Principles 14 and 17 (mark-up and pre-hedging / last look)",,,,UNVERIFIED,,
fx_trading,A1,"FX Global Code (principles on execution, last look and disclosure) | GLOBAL | Global Foreign Exchange Committee, FX Global Code (2021 update), Principles 17 and 19",,,,UNVERIFIED,,
fx_trading,A1,"FX Global Code (soft-law conduct standard) | Global | Global Foreign Exchange Committee (GFXC), FX Global Code, December 2021 update",,,,UNVERIFIED,,
fx_trading,A1,"FX Global Code (voluntary principles adhered to by G-SIB FX businesses via Statements of Commitment) | GLOBAL | Global Foreign Exchange Committee, FX Global Code (2021 update), Principles 8-12 (execution) and 17 (mark-up disclosure)",,,,UNVERIFIED,,
fx_trading,A1,Inter-bank dealings and FX market conduct | India / RBI | RBI Master Direction on Risk Management and Inter-Bank Dealings (FED Master Direction No. 1/2016-17),,,,UNVERIFIED,,
fx_trading,A1,"MiFID II algorithmic trading systems and controls | EU | RTS 6, Commission Delegated Regulation (EU) 2017/589, Articles 1-15",,,,UNVERIFIED,,
fx_trading,A1,MiFID II scope of FX forwards and best execution | EU | Commission Delegated Regulation (EU) 2017/565 Art 10; Directive 2014/65/EU Art 27,,,,UNVERIFIED,,
fx_trading,A1,"MiFIR transaction reporting for FX derivatives | EU | Regulation (EU) No 600/2014, Article 26; Commission Delegated Regulation (EU) 2017/590 (RTS 22)",,,,UNVERIFIED,,
fx_trading,A1,"Swap dealer business conduct and recordkeeping (FX options, NDFs) | US / CFTC | 17 CFR Part 23, Subpart H; 17 CFR 23.202 (trade records); 17 CFR Part 43/45 for NDF reporting",,,,UNVERIFIED,,
fx_trading,A1,"U.S. Treasury determination exempting FX swaps and forwards from the swap definition (subject to retained reporting and anti-fraud provisions) | US | Determination pursuant to CEA § 1a(47)(E), 77 Fed. Reg. 69694 (Nov. 20, 2012)",,,,UNVERIFIED,,
fx_trading,A1,"US Treasury determination exempting FX swaps and forwards from the CEA swap definition (with reporting and business-conduct carve-backs) | US | Determination under CEA §1a(47)(E), 77 Fed. Reg. 69694 (Nov. 20, 2012); CFTC 17 CFR Part 45 reporting still applies",,,,UNVERIFIED,,
fx_trading,A2,Bank of America Corporation | Form 10-K | FY2024 | Global Markets,,,,UNVERIFIED,,
fx_trading,A2,Citigroup Inc. | Form 10-K | FY2023 | Fixed Income markets,,,,UNVERIFIED,,
fx_trading,A2,Citigroup Inc. | Form 10-K | FY2023 | Markets - Fixed Income markets revenues,,,,UNVERIFIED,,
fx_trading,A2,Citigroup Inc. | Form 10-K | FY2023 | Rates and currencies,,,,UNVERIFIED,,
fx_trading,A2,"Deutsche Bank AG | Annual Report | FY2023 | Fixed Income, Currencies (FIC) Sales & Trading",,,,UNVERIFIED,,
fx_trading,A2,"Deutsche Bank AG | Annual Report | FY2023 | Foreign exchange (within Investment Bank, Sales & Trading)",,,,UNVERIFIED,,
fx_trading,A2,"Goldman Sachs Group, Inc. | 2024 Form 10-K | FY2024 | Fixed Income, Currency and Commodities",,,,UNVERIFIED,,
fx_trading,A2,HSBC Holdings plc | Annual Report and Accounts (Form 20-F) | FY2023 | Global Foreign Exchange,,,,UNVERIFIED,,
fx_trading,A2,HSBC Holdings plc | Annual Report and Accounts | FY2023 | Global Foreign Exchange,,,,UNVERIFIED,,
fx_trading,A2,JPMorgan Chase & Co. | Form 10-K | FY2023 | Fixed Income Markets,,,,UNVERIFIED,,
fx_trading,A2,JPMorgan Chase | Form 10-K | FY2023 | Fixed Income Markets (includes currencies & emerging markets),,,,UNVERIFIED,,
fx_trading,A2,State Street Corporation | Form 10-K | FY2023 | Foreign exchange trading services,,,,UNVERIFIED,,
fx_trading,A2,"The Goldman Sachs Group, Inc. | Form 10-K | FY2024 | FICC",,,,UNVERIFIED,,
fx_trading,A2,"The Goldman Sachs Group, Inc. | Form 10-K | FY2024 | FICC intermediation",,,,UNVERIFIED,,
fx_trading,A2,UBS Group AG | Annual Report | FY2023 | Investment Bank — Global Markets,,,,UNVERIFIED,,
fx_trading,A3,BIS | Triennial Central Bank Survey 2022 - foreign exchange daily average turnover | 7.5 USD trillion per day | as_of 2022-04,,,,UNVERIFIED,,
fx_trading,A3,BIS | Triennial Central Bank Survey 2022 — global FX turnover | 7.5 USD trillion per day | as_of 2022-04,,,,UNVERIFIED,,
fx_trading,A3,BIS | Triennial Central Bank Survey 2022: global foreign exchange market daily average turnover | 7.5 USD trillion/day | as_of 2022-04,,,,UNVERIFIED,,
fx_trading,A3,"Bank for International Settlements | OTC derivatives statistics — foreign exchange contracts, notional amounts outstanding | 110 USD trillion | as_of 2024-06-30",,,,UNVERIFIED,,
fx_trading,A3,"Bank for International Settlements | OTC derivatives statistics — foreign exchange contracts, notional amounts outstanding | 120 USD trillion (approximate) | as_of 2023-12-31",,,,UNVERIFIED,,
fx_trading,A3,Bank for International Settlements | Triennial Central Bank Survey - global FX market average daily turnover | 7.5 USD trillion per day | as_of 2022-04-30,,,,UNVERIFIED,,
fx_trading,A3,Bank for International Settlements | Triennial Central Bank Survey 2022 — global FX turnover | 7506 USD billions per day | as_of 2022-04,,,,UNVERIFIED,,
fx_trading,A3,Bank for International Settlements | Triennial Central Bank Survey — global FX average daily turnover | 7.5 USD trillion per day | as_of 2022-04,,,,UNVERIFIED,,
fx_trading,A3,Bank for International Settlements | Triennial Central Bank Survey — global FX turnover | 7.5 USD trillions per day | as_of 2022-04,,,,UNVERIFIED,,
fx_trading,A3,"Bank for International Settlements | Triennial Central Bank Survey — global OTC foreign exchange turnover, daily averages, April 2022 | 7.5 USD trillion per day | as_of 2022-04-30",,,,UNVERIFIED,,
fx_trading,A3,Bank for International Settlements | Triennial Central Bank Survey: global foreign exchange instrument average daily turnover | 7500000000000 USD/day | as_of 2022-04,,,,UNVERIFIED,,
fx_trading,A3,Bank for International Settlements | Triennial Central Bank Survey—global foreign exchange market turnover | 7.5 USD trillion average daily turnover | as_of 2022-04,,,,UNVERIFIED,,
fx_trading,A3,ICAP | FX Market Statistics | 7500 USD trillion daily turnover | as_of 2023-12-31,,,,UNVERIFIED,,
fx_trading,A4,"SEAT: FX spot / eFX trader; FX spot/forward market maker, eFX pricing quant and algo execution trader; FX spot/forward/NDF market maker; FX spot/forward/options market maker and eFX pricing & risk trader; FX trader (G10 and EM spot, forwards, NDFs and FX swaps); FX trader (G10 and EM spot, forwards, NDFs, FX options; voice and electronic market making); FX trader / market-maker; FX trading desk (spot, forwards/NDFs, options traders); FX/Derivatives Market Maker; Spot, forward, swap, NDF and FX-options salespeople and traders; Spot/forward FX market maker, eFX pricing quant and algo execution desk | cost_per_seat midpoint median 775000.0 | determinable_fraction median 0.6 | 39 terminality tasks",,,,UNVERIFIED,,
institutional_sales_coverage,A1,FINRA suitability rule | United States | FINRA Rule 2111,,,,UNVERIFIED,,
institutional_sales_coverage,A1,MiFID II | European Union | Directive 2014/65/EU Article 24,,,,UNVERIFIED,,
institutional_sales_coverage,A1,SEC Regulation Best Interest | United States | 17 C.F.R. §240.15l-1,,,,UNVERIFIED,,
institutional_sales_coverage,A1,SEC confirmation and disclosure rule | United States | 17 C.F.R. § 240.10b-10,,,,UNVERIFIED,,
institutional_sales_coverage,A2,"Goldman Sachs Group, Inc. | 2024 Form 10-K | FY2024 | Global Banking & Markets",,,,UNVERIFIED,,
institutional_sales_coverage,A2,JPMorgan Chase & Co. | Form 10-K | FY2023 | Fixed Income Markets,,,,UNVERIFIED,,
institutional_sales_coverage,A4,SEAT: Institutional salesperson; Multi-asset markets salesperson | cost_per_seat midpoint median 575000.0 | determinable_fraction median 0.4 | 6 terminality tasks,,,,UNVERIFIED,,
leveraged_finance_loan_capital_markets,A1,"ECB Guidance on leveraged transactions | EU | ECB/SSM Guidance, May 2017",,,,UNVERIFIED,,
leveraged_finance_loan_capital_markets,A1,Interagency Guidance on Leveraged Lending | US | 78 FR 17766 (March 2013),,,,UNVERIFIED,,
leveraged_finance_loan_capital_markets,A2,Deutsche Bank AG | Form 20-F | FY2023 | Leveraged Debt Capital Markets,,,,UNVERIFIED,,
leveraged_finance_loan_capital_markets,A3,LSEG LPC (Refinitiv) | Global syndicated lending volume | 4.4 USD trillion | as_of 2023-12-31,,,,UNVERIFIED,,
leveraged_finance_loan_capital_markets,A4,SEAT: Loan syndicate / leveraged finance desk banker | cost_per_seat midpoint median 750000.0 | determinable_fraction median 0.45 | 4 terminality tasks,,,,UNVERIFIED,,
listed_derivatives_client_clearing,A1,Broker-dealer customer protection for cleared securities positions | US / SEC | 17 CFR 240.15c3-3,,,,UNVERIFIED,,
listed_derivatives_client_clearing,A1,CFTC customer funds segregation for futures and cleared swaps | US | 17 CFR 1.20 and Part 22,,,,UNVERIFIED,,
listed_derivatives_client_clearing,A1,CFTC — FCM financial reporting | US | 17 C.F.R. § 1.10,,,,UNVERIFIED,,
listed_derivatives_client_clearing,A1,CFTC — derivatives clearing organization standards | US | 17 CFR Part 39,,,,UNVERIFIED,,
listed_derivatives_client_clearing,A1,CFTC — segregation of cleared swaps and futures customer funds | US | 17 CFR 1.20; 17 CFR 30.7,,,,UNVERIFIED,,
listed_derivatives_client_clearing,A1,CFTC — segregation of customer funds (FCM) | US | 17 C.F.R. §§ 1.20–1.30; 17 C.F.R. Part 22 (cleared swaps customer collateral),,,,UNVERIFIED,,
listed_derivatives_client_clearing,A1,"Clearing member requirements and account segregation under EMIR | EU | Regulation (EU) No 648/2012, Articles 4, 38 and 39",,,,UNVERIFIED,,
listed_derivatives_client_clearing,A1,Clearing member risk management for customer clearing | US | 17 CFR 1.73,,,,UNVERIFIED,,
listed_derivatives_client_clearing,A1,Clearing obligation and client account segregation | EU | Regulation (EU) No 648/2012 (EMIR) Art 4 and Art 39,,,,UNVERIFIED,,
listed_derivatives_client_clearing,A1,"Clearing obligation for standardised OTC derivatives | EU | Regulation (EU) No 648/2012, Article 4; Commission Delegated Regulation (EU) 2015/2205",,,,UNVERIFIED,,
listed_derivatives_client_clearing,A1,Client clearing documentation and risk management program | US | 17 CFR 1.11 (risk management program) and 17 CFR 1.73 (clearing member risk management),,,,UNVERIFIED,,
listed_derivatives_client_clearing,A1,Dodd-Frank — clearing mandate for swaps | US | CEA § 2(h)(1) (7 U.S.C. § 2(h)); CFTC Regulation 50.2,,,,UNVERIFIED,,
listed_derivatives_client_clearing,A1,"EMIR CCP segregation and portability | EU | Regulation (EU) No 648/2012, Art. 39",,,,UNVERIFIED,,
listed_derivatives_client_clearing,A1,"EMIR segregation and portability of client clearing accounts | EU | Regulation (EU) No 648/2012, Articles 39 and 48",,,,UNVERIFIED,,
listed_derivatives_client_clearing,A1,"EMIR — clearing obligation and CCP client asset segregation | EU | Regulation (EU) No 648/2012, Arts. 4 & 39",,,,UNVERIFIED,,
listed_derivatives_client_clearing,A1,"EMIR — clearing obligation for standardized OTC derivatives | EU | Regulation (EU) No 648/2012, Art. 4",,,,UNVERIFIED,,
listed_derivatives_client_clearing,A1,FCM customer funds segregation and secured amount requirements | US | Commodity Exchange Act Section 4d; 17 CFR 1.20–1.32 and 17 CFR 30.7,,,,UNVERIFIED,,
listed_derivatives_client_clearing,A1,"FCM risk management and clearing acceptance standards | US / CFTC | 17 CFR 1.73 (clearing FCM risk management) and 17 CFR 1.20, 1.25, Part 22 (segregation, LSOC)",,,,UNVERIFIED,,
listed_derivatives_client_clearing,A1,FCM segregation of customer funds and investment of customer funds | US | CEA §4d; 17 CFR 1.20-1.30 and 17 CFR 1.25; CFTC Regulation 30.7 for foreign futures,,,,UNVERIFIED,,
listed_derivatives_client_clearing,A2,BNY Mellon | Form 10-K | FY2023 | Market and Wealth Services — Pershing (investment services fees),,,,UNVERIFIED,,
listed_derivatives_client_clearing,A2,JPMorgan Chase & Co. | Form 10-K | FY2023 | Corporate & Investment Bank - Markets & Securities Services,,,,UNVERIFIED,,
listed_derivatives_client_clearing,A2,JPMorgan Chase | Form 10-K | FY2023 | Securities Services (CIB Markets & Securities Services),,,,UNVERIFIED,,
listed_derivatives_client_clearing,A2,Morgan Stanley | Form 10-K | FY2023 | Institutional Securities - Total non-interest expenses,,,,UNVERIFIED,,
listed_derivatives_client_clearing,A2,"The Goldman Sachs Group, Inc. | Form 10-K | FY2023 | FICC intermediation",,,,UNVERIFIED,,
listed_derivatives_client_clearing,A3,"Bank for International Settlements | OTC derivatives statistics - notional amounts outstanding, all contracts (share centrally cleared for interest rate swaps) | 667 USD trillion | as_of 2024-06-30",,,,UNVERIFIED,,
listed_derivatives_client_clearing,A3,Bank for International Settlements | OTC derivatives statistics — share of interest rate derivatives centrally cleared | 75 per cent of notional (approximate) | as_of 2023-12-31,,,,UNVERIFIED,,
listed_derivatives_client_clearing,A3,CFTC | Financial Data for FCMs — total customer segregated funds held by FCMs | 470 USD billion | as_of 2023-12-31,,,,UNVERIFIED,,
listed_derivatives_client_clearing,A3,FIA (Futures Industry Association) | Annual ETD Volume — global futures and options volume | 137.3 billion contracts per year | as_of 2023-12-31,,,,UNVERIFIED,,
listed_derivatives_client_clearing,A3,FIA (Futures Industry Association) | Annual exchange-traded derivatives volume | 137.3 billions of contracts | as_of 2023-12,,,,UNVERIFIED,,
listed_derivatives_client_clearing,A3,FIA | Annual Volume Survey - global exchange-traded derivatives contracts traded | 137.3 billion contracts per year | as_of 2023-12-31,,,,UNVERIFIED,,
listed_derivatives_client_clearing,A3,FIA | Annual exchange-traded derivatives volume (futures and options) | 137.3 billion contracts | as_of 2023-12-31,,,,UNVERIFIED,,
listed_derivatives_client_clearing,A3,FIA | Global exchange-traded derivatives volume — contracts traded | 137.3 billion contracts | as_of 2023,,,,UNVERIFIED,,
listed_derivatives_client_clearing,A3,Futures Industry Association | Global futures and options volume — contracts traded | 137.3 billion contracts per year | as_of 2023-12-31,,,,UNVERIFIED,,
listed_derivatives_client_clearing,A4,"SEAT: Clearing (FCM/clearing broker) operations and clearing risk analyst — give-ups, margin, segregation; Client clearing / FCM operations and clearing risk analyst (give-ups, margin, segregation reporting); Listed derivatives / OTC client clearing operations and clearing risk analyst (FCM); Listed derivatives clearing and client clearing operations manager (FCM clearing, give-ups, client margin); Listed derivatives client clearing desk (clearing broker / FCM); Listed derivatives execution and clearing specialist (client clearing risk, give-ups/allocations, segregation and margin operations oversight) | cost_per_seat midpoint median 312500.0 | determinable_fraction median 0.775 | 24 terminality tasks",,,,UNVERIFIED,,
ma_advisory,A1,"Tender-offer antifraud and insider-trading restrictions | United States | Securities Exchange Act of 1934 Rules 14e-3 and 14e-5; 17 CFR §§240.14e-3, 240.14e-5",,,,UNVERIFIED,,
ma_advisory,A1,"UK Takeover Code | United Kingdom | The City Code on Takeovers and Mergers, Rules 3, 21 and 24",,,,UNVERIFIED,,
ma_advisory,A2,JPMorgan Chase & Co. | Form 10-K | FY2024 | Investment banking fees,,,,UNVERIFIED,,
ma_advisory,A3,"London Stock Exchange Group | Global announced mergers and acquisitions value, full-year review | 3.4 USD trillion | as_of 2024-12-31",,,,UNVERIFIED,,
ma_advisory,A4,"SEAT: M&A advisers, valuation specialists and transaction-execution bankers | cost_per_seat midpoint median 700000.0 | determinable_fraction median 0.45 | 3 terminality tasks",,,,UNVERIFIED,,
macro_combined_rates_fx_em,A1,Basel III Liquidity Standards | International (BCBS) | Liquidity Coverage Ratio (LCR) Framework (2014),,,,UNVERIFIED,,
macro_combined_rates_fx_em,A1,"Dodd-Frank mandatory clearing and swap-dealer regulation | United States | Commodity Exchange Act sections 2(h) and 4s; 7 U.S.C. §§ 2(h), 6s; 17 CFR Part 23",,,,UNVERIFIED,,
macro_combined_rates_fx_em,A1,"EMIR derivatives reporting | European Union | Regulation (EU) No 648/2012, Article 9",,,,UNVERIFIED,,
macro_combined_rates_fx_em,A1,"European Market Infrastructure Regulation | EU | EMIR (EU) No 648/2012, Article 11",,,,UNVERIFIED,,
macro_combined_rates_fx_em,A1,"European Market Infrastructure Regulation | European Union | Regulation (EU) No 648/2012, Articles 4, 9 and 11",,,,UNVERIFIED,,
macro_combined_rates_fx_em,A1,"Swap recordkeeping | United States | Commodity Exchange Act swap-dealer rules, 17 CFR §23.202",,,,UNVERIFIED,,
macro_combined_rates_fx_em,A1,"U.S. Dodd-Frank Wall Street Reform and Consumer Protection Act, Title VII | United States | Commodity Exchange Act § 2(a)(13), 17 CFR Part 43 and Part 45",,,,UNVERIFIED,,
macro_combined_rates_fx_em,A2,Citigroup Inc. | 10-K | FY2023 | Markets - Fixed income,,,,UNVERIFIED,,
macro_combined_rates_fx_em,A2,Citigroup Inc. | Form 10-K | FY2023 | Global Markets,,,,UNVERIFIED,,
macro_combined_rates_fx_em,A2,JPMorgan Chase & Co. | Form 10-K | FY2024 | Fixed Income Markets,,,,UNVERIFIED,,
macro_combined_rates_fx_em,A3,Bank for International Settlements (BIS) | Triennial Central Bank Survey - Foreign Exchange Turnover | 7500000000000 USD daily turnover | as_of 2022-04-01,,,,UNVERIFIED,,
macro_combined_rates_fx_em,A3,Bank for International Settlements | Triennial Central Bank Survey — foreign exchange average daily turnover | 7.5 USD trillion per day | as_of 2022-04-30,,,,UNVERIFIED,,
macro_combined_rates_fx_em,A3,Bank for International Settlements | Triennial Central Bank Survey: global OTC interest-rate derivatives turnover | 5.2 USD trillion average daily turnover | as_of 2022-04,,,,UNVERIFIED,,
macro_combined_rates_fx_em,A3,Bank for International Settlements | Triennial Central Bank Survey: global foreign-exchange market daily turnover | 7.5 USD trillion per day | as_of 2022-04-30,,,,UNVERIFIED,,
macro_combined_rates_fx_em,A3,Bank for International Settlements | Triennial Central Bank Survey: global foreign-exchange market turnover | 7.5 USD trillion average daily turnover | as_of 2022-04,,,,UNVERIFIED,,
macro_combined_rates_fx_em,A4,"SEAT: EM FX Trader; FX and emerging markets trader; FX and emerging-markets salespeople, spot and derivatives traders, local-markets traders and structurers; Rates, foreign-exchange and emerging-markets sales, trading and structuring | cost_per_seat midpoint median 650000.0 | determinable_fraction median 0.42500000000000004 | 12 terminality tasks",,,,UNVERIFIED,,
market_risk_management,A1,"Basel Committee — minimum capital requirements for market risk (FRTB) | Global (Basel Committee) | BCBS, Minimum capital requirements for market risk (January 2019), MAR10-MAR99",,,,UNVERIFIED,,
market_risk_management,A1,CRR3 — market risk own funds requirements implementing FRTB in the EU | EU | Regulation (EU) 2024/1623 amending Regulation (EU) No 575/2013,,,,UNVERIFIED,,
market_risk_management,A1,"EU implementation of the market risk framework | EU | Regulation (EU) No 575/2013 as amended by Regulation (EU) 2024/1623 (CRR3), Part Three Title IV, Arts 325–325bp",,,,UNVERIFIED,,
market_risk_management,A1,"EU market risk capital and trading book boundary | EU | Regulation (EU) No 575/2013 as amended, Part Three Title IV, Articles 325–325bp",,,,UNVERIFIED,,
market_risk_management,A1,"Fundamental Review of the Trading Book (market risk capital, P&L attribution and backtesting) | EU / Basel | Regulation (EU) No 575/2013 Part Three Title IV as amended (Articles 325-325bp); Basel Framework MAR30, MAR32, MAR33",,,,UNVERIFIED,,
market_risk_management,A1,"Fundamental Review of the Trading Book — minimum capital requirements for market risk | GLOBAL | BCBS d457 (January 2019), MAR20–MAR33 of the consolidated Basel Framework",,,,UNVERIFIED,,
market_risk_management,A1,"Market risk capital framework (FRTB): internal models approval, backtesting, PLA | Global / BCBS | BCBS d457, MAR30–MAR33 and MAR99",,,,UNVERIFIED,,
market_risk_management,A1,Model risk management supervisory guidance | US | Federal Reserve SR 11-7 / OCC Bulletin 2011-12,,,,UNVERIFIED,,
market_risk_management,A1,Trading book / banking book boundary and desk definition | EU / Basel | Basel Framework RBC25 and MAR12; CRR Articles 104 and 104b (trading desk definition),,,,UNVERIFIED,,
market_risk_management,A1,"US market risk capital rule | US | 12 CFR Part 217, Subpart F (Federal Reserve); 12 CFR Part 3 Subpart F (OCC)",,,,UNVERIFIED,,
market_risk_management,A1,"US market risk capital rule | US | 12 CFR Part 217, Subpart F (§§217.201-217.212), including VaR backtesting requirements",,,,UNVERIFIED,,
market_risk_management,A1,"US market risk rule | US / Federal Reserve, OCC, FDIC | 12 CFR Part 217 Subpart F (Market Risk Capital Rule)",,,,UNVERIFIED,,
market_risk_management,A2,JPMorgan Chase & Co. | Form 10-K | FY2023 | Markets,,,,UNVERIFIED,,
market_risk_management,A2,"The Goldman Sachs Group, Inc. | Form 10-K | FY2023 | Global Banking & Markets - Total operating expenses",,,,UNVERIFIED,,
market_risk_management,A2,UBS Group AG | Annual Report | FY2023 | Investment Bank - Global Markets (operating expenses),,,,UNVERIFIED,,
market_risk_management,A3,"Bank for International Settlements | OTC derivatives statistics — gross market value, all contracts (risk-bearing base) | 18.3 USD trillion (approximate) | as_of 2023-12-31",,,,UNVERIFIED,,
market_risk_management,A3,"Bank for International Settlements | OTC derivatives statistics — gross market value, all contracts | 17.0 USD trillion | as_of 2024-06-30",,,,UNVERIFIED,,
market_risk_management,A3,"Bank for International Settlements | OTC derivatives statistics — notional amounts outstanding, all contracts (population of trading book exposures) | 730 USD trillion | as_of 2024-06-30",,,,UNVERIFIED,,
market_risk_management,A3,Bank for International Settlements | Semiannual OTC derivatives statistics — gross market value of OTC derivatives | 12.4 USD trillions | as_of 2023-06-30,,,,UNVERIFIED,,
market_risk_management,A3,European Banking Authority | Risk Dashboard - market risk risk-weighted assets as a share of total RWA (EU banks) | 4.0 percent of total RWA | as_of 2023-12-31,,,,UNVERIFIED,,
market_risk_management,A3,The Goldman Sachs Group | 10-K FY2023 — Market RWAs | 100 USD billion (approximate) | as_of 2023-12-31,,,,UNVERIFIED,,
market_risk_management,A4,"SEAT: Market risk manager (VaR/ES production, limit monitoring, stress testing for trading books); Market risk manager / risk analytics (VaR, stress testing, limits, FRTB implementation); Market risk manager / risk analytics quant (limits, VaR, stress, FRTB desk-level capital); Market risk manager / risk analytics specialist covering trading desks | cost_per_seat midpoint median 355000.0 | determinable_fraction median 0.7 | 16 terminality tasks",,,,UNVERIFIED,,
market_risk_valuation_control,A1,"Basel market-risk capital framework, including Fundamental Review of the Trading Book | Global Basel Committee framework as locally implemented | Basel Framework, Market Risk chapters MAR10-MAR99",,,,UNVERIFIED,,
market_risk_valuation_control,A1,"Capital Requirements Regulation—Prudent Valuation | European Union | Regulation (EU) No 575/2013, Article 105",,,,UNVERIFIED,,
market_risk_valuation_control,A1,Federal Reserve model risk management guidance | United States | SR Letter 11-7 (OCC Bulletin 2011-12),,,,UNVERIFIED,,
market_risk_valuation_control,A1,"Fundamental Review of the Trading Book as implemented in the Capital Requirements Regulation | European Union | Regulation (EU) No 575/2013, as amended, Articles 325 and 325a",,,,UNVERIFIED,,
market_risk_valuation_control,A1,"IFRS 13 Fair Value Measurement (valuation hierarchy and disclosures) | IFRS-reporting jurisdictions | IFRS 13, paragraphs 72-99",,,,UNVERIFIED,,
market_risk_valuation_control,A1,"Market Risk Capital Rule | United States | 12 C.F.R. Part 217, Subpart F",,,,UNVERIFIED,,
market_risk_valuation_control,A1,"PRA model risk management principles | United Kingdom | Bank of England PRA Supervisory Statement SS1/23, effective 17 May 2024",,,,UNVERIFIED,,
market_risk_valuation_control,A1,"Swap-dealer risk-management program | United States | Commodity Futures Trading Commission regulation, 17 CFR §23.600",,,,UNVERIFIED,,
market_risk_valuation_control,A2,Bank of America | Form 10-K | FY2024 | Sales and trading revenue,,,,UNVERIFIED,,
market_risk_valuation_control,A2,JPMorgan Chase & Co. | Form 10-K | FY2023 | Compensation expense (consolidated; control-function seats costed herein),,,,UNVERIFIED,,
market_risk_valuation_control,A2,JPMorgan Chase & Co. | Form 10-K | FY2024 | Markets & Securities Services,,,,UNVERIFIED,,
market_risk_valuation_control,A3,Bank for International Settlements | OTC derivatives statistics: total notional amount outstanding | 729.8 USD trillion | as_of 2024-06-30,,,,UNVERIFIED,,
market_risk_valuation_control,A3,Bank for International Settlements | OTC derivatives statistics—gross market value | 19.8 USD trillion | as_of 2023-12-31,,,,UNVERIFIED,,
market_risk_valuation_control,A4,"SEAT: Market-risk managers, product controllers, valuation-control specialists and XVA traders; Market-risk managers, product controllers, valuation-control specialists and capital analysts; Market-risk managers, valuation-control specialists, product controllers and desk-finance officers; Valuation control, product control & model risk (product controllers, valuation reviewers, model validators) | cost_per_seat midpoint median 487500.0 | determinable_fraction median 0.79 | 12 terminality tasks",,,,UNVERIFIED,,
model_risk_management,A1,"Internal model approval and independent validation for market and counterparty credit risk models | EU | Regulation (EU) No 575/2013 Articles 325bi(1)(e), 368 and 383; ECB Guide to Internal Models (2024)",,,,UNVERIFIED,,
model_risk_management,A1,Model validation for cleared/uncleared margin models | US | 17 CFR 23.154(b)(5) (CFTC initial margin model approval and annual review),,,,UNVERIFIED,,
model_risk_management,A1,"Supervisory guidance on model risk management | US | Federal Reserve SR Letter 11-7 / OCC Bulletin 2011-12, Supervisory Guidance on Model Risk Management",,,,UNVERIFIED,,
model_risk_management,A2,Deutsche Bank AG | Annual Report | FY2023 | Investment Bank - Noninterest expenses,,,,UNVERIFIED,,
model_risk_management,A2,"The Goldman Sachs Group, Inc. | Form 10-K | FY2023 | Global Banking & Markets - Total operating expenses",,,,UNVERIFIED,,
model_risk_management,A4,"SEAT: Model validation quant / model risk manager covering pricing, VaR, XVA and margin models | cost_per_seat midpoint median 435000.0 | determinable_fraction median 0.75 | 4 terminality tasks",,,,UNVERIFIED,,
municipal_public_finance,A1,"MSRB — fair pricing and transaction reporting for municipal securities | US | MSRB Rule G-30; MSRB Rule G-14 (RTRS, 15-minute reporting)",,,,UNVERIFIED,,
municipal_public_finance,A1,SEC — municipal securities continuing disclosure | US | 17 CFR 240.15c2-12,,,,UNVERIFIED,,
municipal_public_finance,A3,SIFMA | US municipal bond issuance | 384.9 USD billions per year | as_of 2023-12-31,,,,UNVERIFIED,,
municipal_public_finance,A4,SEAT: Municipal securities trader and underwriter (tax-exempt and taxable munis) | cost_per_seat midpoint median 650000.0 | determinable_fraction median 0.45 | 3 terminality tasks,,,,UNVERIFIED,,
prime_brokerage_financing,A1,Basel III — counterparty credit risk on client derivatives and SFTs (SA-CCR) | Global (BCBS) | Basel Framework CRE52,,,,UNVERIFIED,,
prime_brokerage_financing,A1,"CSDR settlement discipline | EU | Regulation (EU) No 909/2014, Art. 7",,,,UNVERIFIED,,
prime_brokerage_financing,A1,"Capital Requirements Regulation | European Union | Regulation (EU) No 575/2013, Articles 111, 223 and 429",,,,UNVERIFIED,,
prime_brokerage_financing,A1,Client assets and client money rules | UK / FCA | CASS 6 (custody assets) and CASS 7 (client money),,,,UNVERIFIED,,
prime_brokerage_financing,A1,Credit by brokers and dealers (margin) | US / Federal Reserve | 12 CFR Part 220 (Regulation T),,,,UNVERIFIED,,
prime_brokerage_financing,A1,"Credit extension on securities (margin) | US | Federal Reserve Regulation T, 12 CFR Part 220; FINRA Rule 4210",,,,UNVERIFIED,,
prime_brokerage_financing,A1,"Customer Protection Rule — possession/control and reserve formula for prime brokerage balances | US | SEC Rule 15c3-3, 17 CFR 240.15c3-3 and Exhibit A thereto",,,,UNVERIFIED,,
prime_brokerage_financing,A1,"Customer protection, reserve formula and possession or control | US | SEC Rule 15c3-3 (17 CFR 240.15c3-3) and Exhibit A reserve formula; Rule 15c3-1 net capital",,,,UNVERIFIED,,
prime_brokerage_financing,A1,"Customer protection: reserves and custody of securities | US / SEC | 17 CFR 240.15c3-3 (Rule 15c3-3, Exhibit A reserve formula)",,,,UNVERIFIED,,
prime_brokerage_financing,A1,"Customer-protection and margin rules | United States | SEC Rule 15c3-3, 17 CFR § 240.15c3-3; Regulation T, 12 CFR Part 220",,,,UNVERIFIED,,
prime_brokerage_financing,A1,"Customer-protection and possession-or-control requirements | United States | SEC Rule 15c3-3, 17 CFR §240.15c3-3",,,,UNVERIFIED,,
prime_brokerage_financing,A1,FINRA margin requirements | United States | FINRA Rule 4210,,,,UNVERIFIED,,
prime_brokerage_financing,A1,Regulation SHO | United States | 17 C.F.R. §242.204,,,,UNVERIFIED,,
prime_brokerage_financing,A1,Regulation SHO — locate and close-out requirements | US | 17 CFR 242.203 and 242.204,,,,UNVERIFIED,,
prime_brokerage_financing,A1,Regulation SHO — locate requirement for short sales | US | 17 C.F.R. § 242.203(b),,,,UNVERIFIED,,
prime_brokerage_financing,A1,Regulation T (extension of credit by brokers-dealers) | United States | 12 CFR Part 220,,,,UNVERIFIED,,
prime_brokerage_financing,A1,Regulation T margin for customer securities credit | US | 12 CFR 220,,,,UNVERIFIED,,
prime_brokerage_financing,A1,SEC Customer Protection Rule | United States | 17 C.F.R. §240.15c3-3,,,,UNVERIFIED,,
prime_brokerage_financing,A1,SEC Prime Broker Customer Protection and Margin Rules | United States | 17 C.F.R. §§240.15c3-3 and 240.15c3-1,,,,UNVERIFIED,,
prime_brokerage_financing,A1,SEC Regulations | United States | 17 CFR § 240.15c3-3 (Customer Protection Rule),,,,UNVERIFIED,,
prime_brokerage_financing,A1,SEC customer protection rule | US | 17 CFR 240.15c3-3 (Rule 15c3-3),,,,UNVERIFIED,,
prime_brokerage_financing,A1,"SFTR securities financing transaction reporting | EU | Regulation (EU) 2015/2365, Article 4",,,,UNVERIFIED,,
prime_brokerage_financing,A1,"SFTR — securities financing transaction reporting | EU | Regulation (EU) 2015/2365, Art. 4",,,,UNVERIFIED,,
prime_brokerage_financing,A1,Securities Exchange Act of 1934 | United States | Rule 15c3-3 (Customer Protection Rule),,,,UNVERIFIED,,
prime_brokerage_financing,A1,"Securities lending transaction reporting | US / SEC | 17 CFR 240.10c-1a (Rule 10c-1a, adopted October 2023)",,,,UNVERIFIED,,
prime_brokerage_financing,A1,"Securities lending transaction reporting | US | SEC Rule 10c-1a (17 CFR 240.10c-1a), adopted October 2023",,,,UNVERIFIED,,
prime_brokerage_financing,A1,"Securities lending transaction reporting | US | SEC Rule 10c-1a, 17 CFR 240.10c-1a (adopted 2023)",,,,UNVERIFIED,,
prime_brokerage_financing,A1,U.S. Securities and Exchange Commission customer protection rule | United States | 17 CFR § 240.15c3-3,,,,UNVERIFIED,,
prime_brokerage_financing,A2,BNP Paribas | Universal Registration Document | FY2023 | Global Markets - Equity & Prime Services,,,,UNVERIFIED,,
prime_brokerage_financing,A2,"Goldman Sachs Group, Inc. | 10-K | FY2023 | Equities client execution",,,,UNVERIFIED,,
prime_brokerage_financing,A2,"Goldman Sachs Group, Inc. | 2024 Form 10-K | FY2024 | Equities",,,,UNVERIFIED,,
prime_brokerage_financing,A2,JPMorgan Chase & Co. | Form 10-K | FY2023 | Equity Markets,,,,UNVERIFIED,,
prime_brokerage_financing,A2,JPMorgan Chase & Co. | Form 10-K | FY2024 | Equity Markets,,,,UNVERIFIED,,
prime_brokerage_financing,A2,JPMorgan Chase & Co. | Form 10-K | FY2024 | Markets & Securities Services,,,,UNVERIFIED,,
prime_brokerage_financing,A2,Morgan Stanley | Form 10-K | FY2023 | Equity net revenues — prime brokerage (Institutional Securities MD&A),,,,UNVERIFIED,,
prime_brokerage_financing,A2,Morgan Stanley | Form 10-K | FY2023 | Prime Brokerage,,,,UNVERIFIED,,
prime_brokerage_financing,A2,Morgan Stanley | Form 10-K | FY2024 | Prime Brokerage,,,,UNVERIFIED,,
prime_brokerage_financing,A2,The Goldman Sachs Group | Form 10-K | FY2023 | Equities financing (Global Banking & Markets),,,,UNVERIFIED,,
prime_brokerage_financing,A2,"The Goldman Sachs Group, Inc. | Form 10-K | FY2023 | Equities financing",,,,UNVERIFIED,,
prime_brokerage_financing,A2,"The Goldman Sachs Group, Inc. | Form 10-K | FY2023 | Equities financing (Global Banking & Markets net revenues)",,,,UNVERIFIED,,
prime_brokerage_financing,A2,"The Goldman Sachs Group, Inc. | Form 10-K | FY2023 | Equities financing (prime brokerage financing included)",,,,UNVERIFIED,,
prime_brokerage_financing,A2,"The Goldman Sachs Group, Inc. | Form 10-K | FY2023 | Prime Services",,,,UNVERIFIED,,
prime_brokerage_financing,A2,"The Goldman Sachs Group, Inc. | Form 10-K | FY2024 | Equities",,,,UNVERIFIED,,
prime_brokerage_financing,A2,"The Goldman Sachs Group, Inc. | Form 10-K | FY2024 | Equities financing",,,,UNVERIFIED,,
prime_brokerage_financing,A2,"The Goldman Sachs Group, Inc. | Form 10-K | FY2024 | FICC financing",,,,UNVERIFIED,,
prime_brokerage_financing,A2,UBS Group AG | Annual Report | FY2023 | Financing Services,,,,UNVERIFIED,,
prime_brokerage_financing,A3,DataLend | Global securities lending revenue | 9.7 USD billion per year | as_of 2023-12-31,,,,UNVERIFIED,,
prime_brokerage_financing,A3,HFR (Hedge Fund Research) | Global Hedge Fund Industry Report — total industry capital | 4.0 USD trillions AUM | as_of 2023-12-31,,,,UNVERIFIED,,
prime_brokerage_financing,A3,HFR (Hedge Fund Research) | Global hedge fund industry capital (HFR Global Hedge Fund Industry Report) | 4.3 USD trillions | as_of 2024-03,,,,UNVERIFIED,,
prime_brokerage_financing,A3,HFR (Hedge Fund Research) | Global hedge fund industry capital | 4.0 USD trillion | as_of 2023-12-31,,,,UNVERIFIED,,
prime_brokerage_financing,A3,HFR (Hedge Fund Research) | Hedge fund industry capital | 4500000000000 USD | as_of 2023-12-31,,,,UNVERIFIED,,
prime_brokerage_financing,A3,Hedge Fund Research (HFR) | Global Hedge Fund Industry Report - total industry assets under management | 4.5 USD trillion | as_of 2024-12-31,,,,UNVERIFIED,,
prime_brokerage_financing,A3,ICMA European Repo and Collateral Council | European Repo Market Survey — total repo outstanding of survey participants | 10.4 EUR trillion | as_of 2023-12-31,,,,UNVERIFIED,,
prime_brokerage_financing,A3,ICMA | European Repo Market Survey — repo outstanding | 10.7 EUR trillion | as_of 2023-12,,,,UNVERIFIED,,
prime_brokerage_financing,A3,ISLA | Securities Lending Market Report — securities on loan (global) | 2.7 EUR trillion (approximate) | as_of 2023-12-31,,,,UNVERIFIED,,
prime_brokerage_financing,A3,International Capital Market Association | European Repo and Collateral Council survey: total repo book | 11.1 EUR trillion | as_of 2024-12,,,,UNVERIFIED,,
prime_brokerage_financing,A3,International Capital Market Association | European Repo and Collateral Council survey: total repo contract value | 11.1 EUR trillion | as_of 2024-12-11,,,,UNVERIFIED,,
prime_brokerage_financing,A3,International Securities Lending Association (ISLA) | Securities Lending Market Report - global securities on loan | 2.6 EUR trillion | as_of 2023-12-31,,,,UNVERIFIED,,
prime_brokerage_financing,A3,International Securities Lending Association (ISLA) | Securities Lending Market Report — securities on loan globally | 2.6 EUR trillion | as_of 2023-12-31,,,,UNVERIFIED,,
prime_brokerage_financing,A3,SIFMA | Global Securities Lending Survey | 6.2 USD trillion notional outstanding | as_of 2023-12-31,,,,UNVERIFIED,,
prime_brokerage_financing,A3,Securities Industry and Financial Markets Association (SIFMA) | Prime Brokerage Assets Under Management | 12000000000000 USD | as_of 2023-12-31,,,,UNVERIFIED,,
prime_brokerage_financing,A3,Securities Industry and Financial Markets Association (SIFMA) | Securities Lending Outstanding | 4.5 trillion USD | as_of 2023-06-30,,,,UNVERIFIED,,
prime_brokerage_financing,A3,World Federation of Exchanges | WFE Statistics—domestic market capitalization | 115.0 USD trillion | as_of 2023-12-31,,,,UNVERIFIED,,
prime_brokerage_financing,A4,"SEAT: Prime Brokerage Operations Analyst; Prime Brokerage Operations Manager; Prime brokerage (PB financing traders, margin/lending officers serving hedge fund clients); Prime brokerage financing / stock loan / repo trader; Prime brokerage financing, margin and securities lending staff (margin analysts, stock loan traders, client financing service); Prime brokerage margin and client financing coverage specialist; Prime brokerage margin and financing risk manager; Prime brokerage margin and risk operations specialist; Prime brokerage risk/margin analyst, stock loan trader and client service (financing) specialist; Prime brokerage, securities lending, repo, synthetic financing and cross-asset collateral management; Prime services financing trader and client margin manager (synthetic financing, stock loan, margin); Prime services risk/margin analyst, stock loan trader and client financing (delta one / synthetic) desk; Prime-brokerage coverage, margin and stock-loan professionals, repo traders and collateral-financing specialists; Prime-brokerage coverage, margin, stock-loan, synthetic-financing and portfolio-financing specialists; Repo/stock-loan trader, prime brokerage client service and margin/risk analyst | cost_per_seat midpoint median 520000.0 | determinable_fraction median 0.6 | 54 terminality tasks",,,,UNVERIFIED,,
product_control_ipv,A1,"BCBS — supervisory guidance for assessing banks' financial instrument fair value practices | Global (Basel Committee) | BCBS, Supervisory guidance for assessing banks' financial instrument fair value practices (April 2009)",,,,UNVERIFIED,,
product_control_ipv,A1,"Books and records / valuation control expectations for broker-dealers | US | SEC Rule 17a-3 and 17a-4, 17 CFR 240.17a-3/17a-4",,,,UNVERIFIED,,
product_control_ipv,A1,"Books and records and daily computation of net capital positions | US | SEC Rules 17a-3 and 17a-4 (17 CFR 240.17a-3, 240.17a-4)",,,,UNVERIFIED,,
product_control_ipv,A1,"CRR — prudent valuation requirements and additional valuation adjustments | EU | Regulation (EU) No 575/2013, Art. 105; Commission Delegated Regulation (EU) 2016/101",,,,UNVERIFIED,,
product_control_ipv,A1,"Fair value measurement and disclosure | Global / IFRS | IFRS 13 Fair Value Measurement (paras 72–90, fair value hierarchy)",,,,UNVERIFIED,,
product_control_ipv,A1,Fair value measurement and disclosure | US / IFRS | ASC 820 (Fair Value Measurement); IFRS 13 Fair Value Measurement,,,,UNVERIFIED,,
product_control_ipv,A1,Fair value measurement and hierarchy disclosure | GLOBAL | IFRS 13; US GAAP ASC 820,,,,UNVERIFIED,,
product_control_ipv,A1,Fair value measurement | US GAAP | FASB ASC 820,,,,UNVERIFIED,,
product_control_ipv,A1,Prudent valuation / additional valuation adjustments | EU | Regulation (EU) No 575/2013 (CRR) Article 105; Commission Delegated Regulation (EU) 2016/101 (RTS on prudent valuation),,,,UNVERIFIED,,
product_control_ipv,A1,Prudent valuation / additional valuation adjustments | EU | Regulation (EU) No 575/2013 Art 105; Commission Delegated Regulation (EU) 2016/101 (RTS on prudent valuation),,,,UNVERIFIED,,
product_control_ipv,A1,Prudent valuation / additional valuation adjustments | EU | Regulation (EU) No 575/2013 Article 105; Commission Delegated Regulation (EU) 2016/101 (RTS on prudent valuation),,,,UNVERIFIED,,
product_control_ipv,A2,Deutsche Bank AG | Pillar 3 Report | FY2023 | Additional Valuation Adjustments (AVA),,,,UNVERIFIED,,
product_control_ipv,A2,JPMorgan Chase & Co. | Form 10-K | FY2023 | Markets,,,,UNVERIFIED,,
product_control_ipv,A2,JPMorgan Chase & Co. | Form 10-K | FY2023 | Principal transactions (Consolidated statements of income),,,,UNVERIFIED,,
product_control_ipv,A2,JPMorgan Chase | Form 10-K | FY2023 | Principal transactions,,,,UNVERIFIED,,
product_control_ipv,A2,Morgan Stanley | Form 10-K | FY2023 | Trading revenues (Institutional Securities),,,,UNVERIFIED,,
product_control_ipv,A2,The Goldman Sachs Group | Form 10-K | FY2023 | Market making (consolidated statements of earnings revenue line),,,,UNVERIFIED,,
product_control_ipv,A2,"The Goldman Sachs Group, Inc. | Form 10-K | FY2023 | Market making (Consolidated Statements of Earnings revenue line)",,,,UNVERIFIED,,
product_control_ipv,A3,"Bank for International Settlements | OTC derivatives statistics - gross market value, all contracts (population of fair-valued trading positions) | 18 USD trillion | as_of 2023-12-31",,,,UNVERIFIED,,
product_control_ipv,A3,Bank for International Settlements | OTC derivatives statistics — gross market value (valuation base) | 18.3 USD trillion (approximate) | as_of 2023-12-31,,,,UNVERIFIED,,
product_control_ipv,A3,"Bank for International Settlements | OTC derivatives statistics — gross market value, all contracts (valuation population) | 17.0 USD trillion | as_of 2024-06-30",,,,UNVERIFIED,,
product_control_ipv,A3,Bank for International Settlements | Semiannual OTC derivatives statistics — gross market value of OTC derivatives | 12.4 USD trillions | as_of 2023-06-30,,,,UNVERIFIED,,
product_control_ipv,A4,"SEAT: Product controller / independent price verification and valuation control analyst; Product controller / valuation control (IPV) analyst for markets businesses; Product controller / valuation control (IPV, P&L attribution, prudent valuation AVA); Product controller / valuation control analyst (daily P&L, IPV, valuation adjustments) | cost_per_seat midpoint median 312500.0 | determinable_fraction median 0.775 | 16 terminality tasks",,,,UNVERIFIED,,
rates_trading,A1,"BCBS minimum capital requirements for market risk (FRTB) | Global (Basel Committee member jurisdictions) | BCBS d457 'Minimum capital requirements for market risk', January 2019",,,,UNVERIFIED,,
rates_trading,A1,"Basel III minimum capital requirements for market risk (FRTB) | Global / BCBS | BCBS d457 (Jan 2019), MAR20–MAR33 (desk definition, PLA test, IMA)",,,,UNVERIFIED,,
rates_trading,A1,CFTC swap data reporting (Dodd-Frank Title VII) | US | 17 CFR Parts 43 and 45,,,,UNVERIFIED,,
rates_trading,A1,CFTC swap data reporting | United States | 17 CFR Part 45,,,,UNVERIFIED,,
rates_trading,A1,"CFTC swap dealer external business conduct and swap execution | US | 17 CFR Part 23, Subpart H (§23.400-23.451); 17 CFR Part 37 (SEFs)",,,,UNVERIFIED,,
rates_trading,A1,Dodd-Frank Act Title VII — swap dealer registration and regulation | US | Commodity Exchange Act § 4s (7 U.S.C. § 6s); CFTC Regulations Part 23 (17 C.F.R. §§ 23.600–23.611),,,,UNVERIFIED,,
rates_trading,A1,"Dodd-Frank Act Title VII — swap dealer registration, business conduct and risk management | US | 7 U.S.C. §6s (Dodd-Frank §731); CFTC Regulation 23.600",,,,UNVERIFIED,,
rates_trading,A1,Dodd-Frank Wall Street Reform and Consumer Protection Act | United States | Section 731 (Swap Dealer Registration and Regulation),,,,UNVERIFIED,,
rates_trading,A1,"EMIR reporting of OTC derivatives | EU | Regulation (EU) No 648/2012 (EMIR), Article 9",,,,UNVERIFIED,,
rates_trading,A1,"EMIR — OTC derivatives clearing obligation | EU | Regulation (EU) No 648/2012, Art. 4",,,,UNVERIFIED,,
rates_trading,A1,"EU Markets in Financial Instruments Directive II | EU | Directive 2014/65/EU, Article 17",,,,UNVERIFIED,,
rates_trading,A1,FRTB / CRR II | European Union | Regulation (EU) 2019/876 Articles 325a-325q,,,,UNVERIFIED,,
rates_trading,A1,"Markets in Financial Instruments Regulation | European Union | Regulation (EU) No 600/2014, Articles 8, 10, 18 and 21",,,,UNVERIFIED,,
rates_trading,A1,"MiFID II — algorithmic trading organisational requirements | EU | Directive 2014/65/EU, Art. 17; Commission Delegated Regulation (EU) 2017/589 (RTS 6)",,,,UNVERIFIED,,
rates_trading,A1,"MiFIR non-equity pre/post-trade transparency and systematic internaliser quoting | EU | Regulation (EU) No 600/2014, Articles 8, 10, 18",,,,UNVERIFIED,,
rates_trading,A1,"MiFIR pre/post-trade transparency and transaction reporting for bonds and rates derivatives | EU | Regulation (EU) No 600/2014, Articles 8-11 and Article 26; RTS 22 (Commission Delegated Regulation (EU) 2017/590)",,,,UNVERIFIED,,
rates_trading,A1,MiFIR transaction reporting and post-trade transparency | EU | Regulation (EU) No 600/2014 Arts 10–11 and Art 26; RTS 22 (Commission Delegated Regulation (EU) 2017/590),,,,UNVERIFIED,,
rates_trading,A1,"MiFIR — derivatives trading obligation | EU | Regulation (EU) No 600/2014, Art. 28",,,,UNVERIFIED,,
rates_trading,A1,"MiFIR — post-trade transparency for bonds and derivatives | EU | Regulation (EU) No 600/2014, Art. 21",,,,UNVERIFIED,,
rates_trading,A1,SEC Market Access Rule | United States | 17 C.F.R. § 240.15c3-5,,,,UNVERIFIED,,
rates_trading,A1,SEC — mandatory central clearing of U.S. Treasury securities | US | 17 C.F.R. § 240.17Ad-22(e)(18)(iv) (adopted Dec. 2023),,,,UNVERIFIED,,
rates_trading,A1,"Swap confirmation requirements | United States | Commodity Exchange Act swap-dealer rules, 17 CFR §23.501",,,,UNVERIFIED,,
rates_trading,A1,TRACE reporting of US Treasury and agency transactions | US / FINRA | FINRA Rule 6730,,,,UNVERIFIED,,
rates_trading,A1,U.S. SEC Market Access Rule | United States | 17 CFR § 240.15c3-5,,,,UNVERIFIED,,
rates_trading,A1,Volcker Rule (Regulation VV) — market-making exemption and RENTD requirement | US | 12 CFR 248.4(b); 12 CFR 248.20 (compliance program),,,,UNVERIFIED,,
rates_trading,A1,"Volcker Rule market-making exemption and RENTD limits | US | 12 CFR Part 44 (OCC) / 12 CFR Part 248 (Federal Reserve), §__.4(b); Dodd-Frank Act §619",,,,UNVERIFIED,,
rates_trading,A1,Volcker Rule market-making-related exemption | US | Dodd-Frank Act §619; 12 CFR 248.4(b) (Federal Reserve Regulation VV),,,,UNVERIFIED,,
rates_trading,A1,Volcker Rule | United States | 12 C.F.R. §248.4; underwriting and market-making-related activities,,,,UNVERIFIED,,
rates_trading,A1,Volcker Rule | United States | 12 U.S.C. §1851; 12 C.F.R. Part 248,,,,UNVERIFIED,,
rates_trading,A1,Volcker Rule — market-making conditions | US | 12 CFR § 248.4,,,,UNVERIFIED,,
rates_trading,A2,Bank of America | Form 10-K | FY2024 | Sales and trading revenue,,,,UNVERIFIED,,
rates_trading,A2,Barclays PLC | Annual Report | FY2023 | Investment Bank — Global Markets — FICC,,,,UNVERIFIED,,
rates_trading,A2,Citigroup Inc. | Form 10-K | FY2023 | Rates and currencies,,,,UNVERIFIED,,
rates_trading,A2,"Goldman Sachs Group, Inc. | 10-K | FY2023 | Fixed income, currency and commodities client execution",,,,UNVERIFIED,,
rates_trading,A2,"Goldman Sachs Group, Inc. | 2024 Form 10-K | FY2024 | Fixed Income, Currency and Commodities",,,,UNVERIFIED,,
rates_trading,A2,JPMorgan Chase & Co. | Form 10-K | FY2023 | Fixed Income Markets,,,,UNVERIFIED,,
rates_trading,A2,JPMorgan Chase & Co. | Form 10-K | FY2023 | Fixed Income Markets (Corporate & Investment Bank),,,,UNVERIFIED,,
rates_trading,A2,"JPMorgan Chase & Co. | Form 10-K | FY2023 | Fixed Income Markets (within Commercial & Investment Bank, Markets & Securities Services)",,,,UNVERIFIED,,
rates_trading,A2,"JPMorgan Chase & Co. | Form 10-K | FY2023 | Fixed Income, Currency and Commodities",,,,UNVERIFIED,,
rates_trading,A2,JPMorgan Chase & Co. | Form 10-K | FY2024 | Fixed Income Markets,,,,UNVERIFIED,,
rates_trading,A2,JPMorgan Chase | Form 10-K | FY2023 | Fixed Income Markets (CIB — Markets & Securities Services),,,,UNVERIFIED,,
rates_trading,A2,The Goldman Sachs Group | Form 10-K | FY2023 | FICC intermediation (Global Banking & Markets),,,,UNVERIFIED,,
rates_trading,A2,"The Goldman Sachs Group, Inc. | Form 10-K | FY2023 | FICC intermediation",,,,UNVERIFIED,,
rates_trading,A2,"The Goldman Sachs Group, Inc. | Form 10-K | FY2023 | FICC intermediation (Global Banking & Markets net revenues)",,,,UNVERIFIED,,
rates_trading,A2,"The Goldman Sachs Group, Inc. | Form 10-K | FY2024 | FICC",,,,UNVERIFIED,,
rates_trading,A3,"BIS | Semiannual OTC derivatives statistics — interest rate derivatives, notional amounts outstanding | 573.7 USD trillion | as_of 2023-06-30",,,,UNVERIFIED,,
rates_trading,A3,BIS | Triennial Central Bank Survey 2022 - OTC interest rate derivatives daily average turnover | 5.2 USD trillion per day | as_of 2022-04,,,,UNVERIFIED,,
rates_trading,A3,BIS | Triennial Central Bank Survey 2022 — OTC interest rate derivatives daily turnover | 5.2 USD trillion per day | as_of 2022-04,,,,UNVERIFIED,,
rates_trading,A3,"Bank for International Settlements | OTC derivatives statistics - notional amounts outstanding, interest rate contracts | 530 USD trillion | as_of 2024-06-30",,,,UNVERIFIED,,
rates_trading,A3,"Bank for International Settlements | OTC derivatives statistics — interest rate contracts, notional amounts outstanding (Table D5.1) | 530 USD trillion (approximate) | as_of 2023-12-31",,,,UNVERIFIED,,
rates_trading,A3,Bank for International Settlements | OTC derivatives statistics: interest-rate derivatives notional amount outstanding | 579.6 USD trillion | as_of 2024-06-30,,,,UNVERIFIED,,
rates_trading,A3,"Bank for International Settlements | OTC derivatives statistics—interest rate derivatives, notional amounts outstanding | 530.1 USD trillion | as_of 2023-12-31",,,,UNVERIFIED,,
rates_trading,A3,"Bank for International Settlements | Semiannual OTC derivatives statistics — interest rate contracts, notional outstanding | 573.7 USD trillions | as_of 2023-06-30",,,,UNVERIFIED,,
rates_trading,A3,Bank for International Settlements | Triennial Central Bank Survey 2022 — OTC interest rate derivatives turnover | 5214 USD billions per day | as_of 2022-04,,,,UNVERIFIED,,
rates_trading,A3,Bank for International Settlements | Triennial Central Bank Survey — OTC interest rate derivatives average daily turnover | 5.2 USD trillion per day | as_of 2022-04,,,,UNVERIFIED,,
rates_trading,A3,Bank for International Settlements | Triennial Central Bank Survey — OTC interest rate derivatives turnover | 5.2 USD trillion per day | as_of 2022-04-30,,,,UNVERIFIED,,
rates_trading,A3,Bank for International Settlements | Triennial Central Bank Survey — OTC interest rate derivatives turnover | 5.2 USD trillions per day | as_of 2022-04,,,,UNVERIFIED,,
rates_trading,A3,International Swaps and Derivatives Association (ISDA) | Interest Rate Derivatives Market Activity | 600000000000000 USD notional outstanding | as_of 2023-12-31,,,,UNVERIFIED,,
rates_trading,A3,SIFMA | US Treasury securities average daily trading volume (primary dealer statistics) | 900 USD billion per day | as_of 2023-12-31,,,,UNVERIFIED,,
rates_trading,A3,SIFMA | US Treasury securities average daily trading volume | 760 USD billion per day (approximate) | as_of 2023,,,,UNVERIFIED,,
rates_trading,A3,SIFMA | US Treasury securities average daily trading volume | 900 USD billion per day | as_of 2023-12-31,,,,UNVERIFIED,,
rates_trading,A4,"SEAT: G10 rates market maker / interest rate derivatives trader; Rates Sales & Trading Desk Head; Rates flow trader (G10 government bonds, interest rate swaps and futures market making); Rates market maker / swaps and cash government bond trader (incl. eTrading pricing quant support); Rates market maker / trader (govvies, swaps, futures, inflation) plus desk quant support; Rates market-maker / e-trading trader; Rates market-making trader and desk strat (cash govvies, swaps, futures, inflation); Rates salespeople, government-bond and swap traders, options traders and desk strategists; Rates salespeople, government-bond and swap traders, options traders and rates structurers; Rates trader / market maker (government bonds, interest rate swaps, STIR futures, inflation); Rates trader / market-maker; Rates trader and macro hedge strategist; Rates trading desk (traders and desk strategists pricing and hedging IRS, bonds, swaptions, inflation) | cost_per_seat midpoint median 900000.0 | determinable_fraction median 0.55 | 45 terminality tasks",,,,UNVERIFIED,,
regulatory_transaction_reporting,A1,CFTC swap data reporting and real-time public reporting | US | 17 CFR Part 45 and 17 CFR Part 43,,,,UNVERIFIED,,
regulatory_transaction_reporting,A1,Consolidated Audit Trail reporting | US | SEC Rule 613 (17 CFR 242.613) and FINRA Rule 6800 Series,,,,UNVERIFIED,,
regulatory_transaction_reporting,A1,Consolidated Audit Trail | US / SEC | 17 CFR 242.613 (Rule 613) and the CAT NMS Plan,,,,UNVERIFIED,,
regulatory_transaction_reporting,A1,"EMIR (REFIT) derivative trade reporting | EU | Regulation (EU) No 648/2012, Article 9; Implementing Regulation (EU) 2022/1860 and Delegated Regulation (EU) 2022/1855",,,,UNVERIFIED,,
regulatory_transaction_reporting,A1,EMIR REFIT derivatives reporting | EU | Regulation (EU) No 648/2012 Art 9 as amended by Regulation (EU) 2019/834; ITS (EU) 2022/1860 and RTS (EU) 2022/1855,,,,UNVERIFIED,,
regulatory_transaction_reporting,A1,EMIR derivative trade reporting (EMIR REFIT) | EU | Regulation (EU) No 648/2012 Article 9; Commission Implementing Regulation (EU) 2022/1860 and Delegated Regulation (EU) 2022/1855,,,,UNVERIFIED,,
regulatory_transaction_reporting,A1,"MiFIR transaction reporting to competent authorities | EU/UK | Regulation (EU) No 600/2014, Article 26; Commission Delegated Regulation (EU) 2017/590 (RTS 22)",,,,UNVERIFIED,,
regulatory_transaction_reporting,A1,MiFIR transaction reporting | EU / UK | Regulation (EU) No 600/2014 Article 26; RTS 22 Commission Delegated Regulation (EU) 2017/590 (65 reportable fields),,,,UNVERIFIED,,
regulatory_transaction_reporting,A1,MiFIR transaction reporting | EU | Regulation (EU) No 600/2014 Art 26; RTS 22 (Commission Delegated Regulation (EU) 2017/590),,,,UNVERIFIED,,
regulatory_transaction_reporting,A1,"SFTR reporting of securities financing transactions | EU | Regulation (EU) 2015/2365, Article 4",,,,UNVERIFIED,,
regulatory_transaction_reporting,A1,"Swap data reporting and real-time public reporting | US / CFTC | 17 CFR Parts 43, 45 and 46 (as amended effective December 2022)",,,,UNVERIFIED,,
regulatory_transaction_reporting,A1,"Swap data reporting and real-time public reporting | US | 17 CFR Part 45 (swap data recordkeeping and reporting) and 17 CFR Part 43 (real-time public reporting), as amended by the 2020-2022 rewrite",,,,UNVERIFIED,,
regulatory_transaction_reporting,A2,JPMorgan Chase & Co. | Form 10-K | FY2023 | Corporate & Investment Bank - Total noninterest expense,,,,UNVERIFIED,,
regulatory_transaction_reporting,A2,UBS Group AG | Annual Report | FY2023 | Investment Bank - Operating expenses,,,,UNVERIFIED,,
regulatory_transaction_reporting,A3,Bank for International Settlements | OTC derivatives statistics — notional amounts outstanding (reportable derivative population) | 730 USD trillion | as_of 2024-06-30,,,,UNVERIFIED,,
regulatory_transaction_reporting,A3,"Bank for International Settlements | OTC derivatives statistics — notional amounts outstanding, all contracts (reportable population) | 667 USD trillion (approximate) | as_of 2023-12-31",,,,UNVERIFIED,,
regulatory_transaction_reporting,A3,ESMA | Annual statistical report / market report on EU derivatives markets — gross notional outstanding reported under EMIR | 300 EUR trillion (approximate) | as_of 2022-12-31,,,,UNVERIFIED,,
regulatory_transaction_reporting,A3,SIFMA | US fixed income and equity average daily trading volumes (reportable transaction population) | 1000 USD billion per day (fixed income aggregate) | as_of 2023-12-31,,,,UNVERIFIED,,
regulatory_transaction_reporting,A4,"SEAT: Regulatory reporting operations / transaction reporting control analyst (onshore hubs); Regulatory reporting operations analyst / reporting control specialist (transaction and position reporting across regimes); Regulatory reporting operations and reporting-controls analyst (transaction, trade and position reporting across regimes) | cost_per_seat midpoint median 270000.0 | determinable_fraction median 0.85 | 12 terminality tasks",,,,UNVERIFIED,,
repo_secfin_collateral,A1,"Basel III — leverage ratio exposure measure for SFTs | Global (BCBS) | BCBS 270, Basel III leverage ratio framework and disclosure requirements (Jan. 2014), SFT exposure measure",,,,UNVERIFIED,,
repo_secfin_collateral,A1,"Liquidity Coverage Ratio | United States | 12 C.F.R. Part 249, including §§249.20-249.22",,,,UNVERIFIED,,
repo_secfin_collateral,A1,Liquidity coverage ratio and NSFR treatment of secured funding | US / EU | 12 CFR Part 249 (Regulation WW) §249.32; Regulation (EU) No 575/2013 Articles 428k-428ak (NSFR),,,,UNVERIFIED,,
repo_secfin_collateral,A1,Net stable funding ratio / liquidity coverage ratio treatment of secured funding | EU / US | Regulation (EU) No 575/2013 Arts 428f–428k; 12 CFR Part 249 (Federal Reserve Regulation WW),,,,UNVERIFIED,,
repo_secfin_collateral,A1,"SEC Treasury clearing mandate (cash Treasuries and repo) | United States | SEC Release No. 34-98771, December 2023 (amendments to Rule 15c3-3 framework for covered Treasury transactions)",,,,UNVERIFIED,,
repo_secfin_collateral,A1,SEC — mandatory central clearing of U.S. Treasury cash and repo transactions | US | 17 C.F.R. § 240.17Ad-22(e)(18)(iv) (adopted Dec. 2023),,,,UNVERIFIED,,
repo_secfin_collateral,A1,"SEC — mandatory central clearing of eligible US Treasury cash and repo transactions | US | SEC, Standards for Covered Clearing Agencies for U.S. Treasury Securities (Dec. 2023); 17 CFR 240.17Ad-22(e)(18)(iv)",,,,UNVERIFIED,,
repo_secfin_collateral,A1,"SFTR securities financing transaction reporting | EU | Regulation (EU) 2015/2365 (SFTR), Article 4 (reporting to trade repositories)",,,,UNVERIFIED,,
repo_secfin_collateral,A1,"SFTR securities financing transaction reporting | EU/UK | Regulation (EU) 2015/2365, Article 4; RTS Commission Delegated Regulation (EU) 2019/356",,,,UNVERIFIED,,
repo_secfin_collateral,A1,"SFTR — securities financing transaction reporting | EU | Regulation (EU) 2015/2365, Art. 4",,,,UNVERIFIED,,
repo_secfin_collateral,A1,Securities Financing Transactions Regulation reporting | EU | Regulation (EU) 2015/2365 Art 4 (T+1 reporting to a trade repository); ITS 2019/363,,,,UNVERIFIED,,
repo_secfin_collateral,A1,"Securities Financing Transactions Regulation | European Union | Regulation (EU) 2015/2365, Article 4",,,,UNVERIFIED,,
repo_secfin_collateral,A1,"US Treasury clearing mandate for eligible cash and repo transactions | US | SEC Rule 17ad-22(e)(18)(iv), adopted in Release No. 34-99149 (December 2023)",,,,UNVERIFIED,,
repo_secfin_collateral,A1,US Treasury clearing mandate for eligible repo transactions | US / SEC | 17 CFR 240.17ad-22(e)(18)(iv) (adopted December 2023),,,,UNVERIFIED,,
repo_secfin_collateral,A2,Bank of America | Form 10-K | FY2024 | Sales and trading revenue,,,,UNVERIFIED,,
repo_secfin_collateral,A2,Deutsche Bank | Annual Report | FY2023 | Investment Bank — Financing,,,,UNVERIFIED,,
repo_secfin_collateral,A2,JPMorgan Chase & Co. | Form 10-K | FY2024 | Markets & Securities Services,,,,UNVERIFIED,,
repo_secfin_collateral,A2,Morgan Stanley | Form 10-K | FY2023 | Institutional Securities - Fixed Income net revenues,,,,UNVERIFIED,,
repo_secfin_collateral,A2,The Goldman Sachs Group | Form 10-K | FY2023 | FICC financing (Global Banking & Markets),,,,UNVERIFIED,,
repo_secfin_collateral,A2,"The Goldman Sachs Group, Inc. | Form 10-K | FY2023 | FICC financing",,,,UNVERIFIED,,
repo_secfin_collateral,A2,"The Goldman Sachs Group, Inc. | Form 10-K | FY2023 | FICC financing (Global Banking & Markets net revenues)",,,,UNVERIFIED,,
repo_secfin_collateral,A3,Federal Reserve Bank of New York | SOFR underlying transaction volume | 2.0 USD trillion per day | as_of 2024-12-31,,,,UNVERIFIED,,
repo_secfin_collateral,A3,Federal Reserve Bank of New York | SOFR — daily transaction volume | 1.8 USD trillion per day (approximate average) | as_of 2024,,,,UNVERIFIED,,
repo_secfin_collateral,A3,ICMA (International Capital Market Association) | European Repo Market Survey (semi-annual) | 10.4 EUR trillions gross repo outstanding (survey participants) | as_of 2023-12,,,,UNVERIFIED,,
repo_secfin_collateral,A3,ICMA (International Capital Market Association) | European Repo Market Survey — repo outstanding | 10.4 EUR trillions | as_of 2023-12,,,,UNVERIFIED,,
repo_secfin_collateral,A3,ICMA European Repo and Collateral Council | European Repo Market Survey - total repo outstanding of surveyed institutions | 10.4 EUR trillion | as_of 2023-12-31,,,,UNVERIFIED,,
repo_secfin_collateral,A3,ICMA European Repo and Collateral Council | European Repo Market Survey — total repo outstanding | 10.1 EUR trillion (approximate) | as_of 2023-12,,,,UNVERIFIED,,
repo_secfin_collateral,A3,"International Capital Market Association | European Repo and Collateral Council—European repo market survey, gross market size | 11.1 EUR trillion | as_of 2024-06",,,,UNVERIFIED,,
repo_secfin_collateral,A4,"SEAT: Financing desk (repo, reverse repo, securities lending traders and collateral strategists); Repo / secured funding trader and collateral optimisation trader; Repo / secured funding trader and collateral trading (triparty, collateral optimisation) desk; Repo and secured financing trader (Treasury repo, collateral upgrade trades, matched book); Repo and secured funding trader (bilateral, tri-party, gilt/US Treasury repo, collateral upgrade trades); Repo traders, securities-lending traders, collateral optimisers and balance-sheet managers | cost_per_seat midpoint median 625000.0 | determinable_fraction median 0.61 | 21 terminality tasks",,,,UNVERIFIED,,
securitised_products,A1,"Asset-backed securities offering disclosure | US / SEC | Regulation AB II, 17 CFR 229.1100–1125 and Form ABS-EE",,,,UNVERIFIED,,
securitised_products,A1,Credit risk retention for securitisations | US | Dodd-Frank §941; 12 CFR Part 244 (Reg RR),,,,UNVERIFIED,,
securitised_products,A1,"Dodd-Frank § 941 — credit risk retention | US | 15 U.S.C. § 78o-11; Regulation RR, 17 C.F.R. Part 246",,,,UNVERIFIED,,
securitised_products,A1,"EU Securitisation Regulation (risk retention, transparency, due diligence) | EU | Regulation (EU) 2017/2402 Arts 5, 6 and 7",,,,UNVERIFIED,,
securitised_products,A1,"EU Securitisation Regulation - risk retention, transparency and STS | EU | Regulation (EU) 2017/2402, Articles 6, 7 and 18-22",,,,UNVERIFIED,,
securitised_products,A1,"EU Securitisation Regulation | EU | Regulation (EU) 2017/2402, Article 7",,,,UNVERIFIED,,
securitised_products,A1,EU Securitisation Regulation | European Union | Regulation (EU) 2017/2402,,,,UNVERIFIED,,
securitised_products,A1,EU Securitisation Regulation | European Union | Regulation (EU) 2017/2402 Articles 5-7,,,,UNVERIFIED,,
securitised_products,A1,"EU Securitisation Regulation — due diligence and risk retention | EU | Regulation (EU) 2017/2402, Arts. 5-6",,,,UNVERIFIED,,
securitised_products,A1,"EU Securitisation Regulation — due diligence, risk retention and transparency | EU | Regulation (EU) 2017/2402, Articles 5, 6 and 7",,,,UNVERIFIED,,
securitised_products,A1,"EU Securitisation Regulation — due diligence, risk retention, transparency | EU | Regulation (EU) 2017/2402, Arts. 5–7",,,,UNVERIFIED,,
securitised_products,A1,FINRA TRACE — securitized products trade reporting | US | FINRA Rule 6700 Series (securitized products),,,,UNVERIFIED,,
securitised_products,A1,FINRA — margin for TBA and other forward-settling MBS transactions | US | FINRA Rule 4210(e),,,,UNVERIFIED,,
securitised_products,A1,Regulation AB II asset-backed securities disclosure and shelf eligibility | US | 17 CFR 229.1100-1125 (Regulation AB); Securities Act Rule 424; Rule 15Ga-1 repurchase reporting,,,,UNVERIFIED,,
securitised_products,A1,Regulation AB II — asset-backed securities disclosure and shelf eligibility | US | 17 CFR 229.1100–229.1125 (Regulation AB),,,,UNVERIFIED,,
securitised_products,A1,"Regulation AB asset-backed-securities disclosure | United States | 17 CFR Part 229, Subpart 229.1100",,,,UNVERIFIED,,
securitised_products,A1,"Regulation AB disclosure for asset-backed securities | United States | SEC Regulation AB, 17 CFR §§229.1100-229.1125",,,,UNVERIFIED,,
securitised_products,A1,"Regulation AB — registration, disclosure and reporting for asset-backed securities | US | 17 CFR 229.1100 et seq. (Reg AB II)",,,,UNVERIFIED,,
securitised_products,A1,SEC Regulation AB II asset-backed securities disclosures | United States | 17 C.F.R. § 229.1100 et seq.,,,,UNVERIFIED,,
securitised_products,A1,SEC Regulation AB | United States | 17 C.F.R. Part 229,,,,UNVERIFIED,,
securitised_products,A1,SEC Regulation AB | United States | 17 C.F.R. §§229.1100-1125,,,,UNVERIFIED,,
securitised_products,A1,TRACE reporting for securitized products | US | FINRA Rule 6730 as applied to Securitized Products; FINRA Rule 4210(e)(2)(H) margin for Covered Agency Transactions,,,,UNVERIFIED,,
securitised_products,A1,TRACE reporting of securitised products | US / FINRA | FINRA Rule 6730 (asset-backed and agency pass-through transactions),,,,UNVERIFIED,,
securitised_products,A1,U.S. Securities and Exchange Commission Regulation AB | United States | 17 CFR § 229.1100 et seq.,,,,UNVERIFIED,,
securitised_products,A1,US credit risk retention (Reg RR) | US | 17 CFR 246.3-246.4,,,,UNVERIFIED,,
securitised_products,A1,"US credit risk retention rule | US | Regulation RR, 17 CFR Part 246 / 12 CFR Part 244",,,,UNVERIFIED,,
securitised_products,A1,"US credit risk retention rules | US | 17 CFR Part 246 (Regulation RR), implementing Securities Exchange Act §15G",,,,UNVERIFIED,,
securitised_products,A2,Bank of America Corporation | Form 10-K | FY2023 | FICC,,,,UNVERIFIED,,
securitised_products,A2,Bank of America | Form 10-K | FY2024 | Sales and trading revenue,,,,UNVERIFIED,,
securitised_products,A2,"Barclays PLC | Annual Report | FY2023 | Global Markets — Fixed income, currencies and commodities",,,,UNVERIFIED,,
securitised_products,A2,Barclays PLC | Annual Report | FY2023 | Investment Bank — Global Markets — FICC,,,,UNVERIFIED,,
securitised_products,A2,Citigroup Inc. | Form 10-K | FY2023 | Spread products / other fixed income,,,,UNVERIFIED,,
securitised_products,A2,"Goldman Sachs Group, Inc. | 2024 Form 10-K | FY2024 | Fixed Income, Currency and Commodities",,,,UNVERIFIED,,
securitised_products,A2,JPMorgan Chase & Co. | 10-K | FY2023 | Fixed Income Markets,,,,UNVERIFIED,,
securitised_products,A2,JPMorgan Chase & Co. | Form 10-K | FY2023 | Fixed Income Markets,,,,UNVERIFIED,,
securitised_products,A2,JPMorgan Chase & Co. | Form 10-K | FY2023 | Fixed Income Markets (Corporate & Investment Bank),,,,UNVERIFIED,,
securitised_products,A2,JPMorgan Chase & Co. | Form 10-K | FY2024 | Fixed Income Markets,,,,UNVERIFIED,,
securitised_products,A2,JPMorgan Chase | Form 10-K | FY2023 | Fixed Income Markets (securitized products within CIB Markets),,,,UNVERIFIED,,
securitised_products,A2,"The Goldman Sachs Group, Inc. | Form 10-K | FY2023 | FICC intermediation",,,,UNVERIFIED,,
securitised_products,A2,"The Goldman Sachs Group, Inc. | Form 10-K | FY2023 | FICC intermediation (mortgages component of Global Banking & Markets net revenues)",,,,UNVERIFIED,,
securitised_products,A2,"The Goldman Sachs Group, Inc. | Form 10-K | FY2024 | FICC",,,,UNVERIFIED,,
securitised_products,A3,SIFMA Research | U.S. mortgage-backed securities average daily trading volume | 289.2 USD billion per day | as_of 2023-12-31,,,,UNVERIFIED,,
securitised_products,A3,SIFMA | U.S. mortgage-related securities outstanding (Capital Markets Fact Book) | 13.3 USD trillions | as_of 2023-12,,,,UNVERIFIED,,
securitised_products,A3,SIFMA | US agency MBS average daily trading volume | 270 USD billion per day | as_of 2023-12-31,,,,UNVERIFIED,,
securitised_products,A3,SIFMA | US agency MBS issuance | 1.3 USD trillion (approximate) | as_of 2023,,,,UNVERIFIED,,
securitised_products,A3,SIFMA | US agency mortgage-backed securities outstanding | 12.2 USD trillion | as_of 2023-12-31,,,,UNVERIFIED,,
securitised_products,A3,SIFMA | US fixed income outstanding - mortgage-backed securities | 12.4 USD trillion | as_of 2024-12,,,,UNVERIFIED,,
securitised_products,A3,SIFMA | US fixed income outstanding — mortgage-related securities | 13.3 USD trillions | as_of 2023-12-31,,,,UNVERIFIED,,
securitised_products,A3,SIFMA | US mortgage-backed securities outstanding | 12.2 USD trillion | as_of 2023-12-31,,,,UNVERIFIED,,
securitised_products,A3,SIFMA | US mortgage-related securities outstanding | 12.2 USD trillion (approximate) | as_of 2023-12-31,,,,UNVERIFIED,,
securitised_products,A3,Securities Industry and Financial Markets Association | U.S. Mortgage-Related Securities Outstanding | 13.7 USD trillion | as_of 2023-12-31,,,,UNVERIFIED,,
securitised_products,A3,Securities Industry and Financial Markets Association | U.S. mortgage-related securities outstanding | 12.6 USD trillion | as_of 2024-12-31,,,,UNVERIFIED,,
securitised_products,A3,Securities Industry and Financial Markets Association | US mortgage-related securities outstanding | 12.7 USD trillion | as_of 2024-12-31,,,,UNVERIFIED,,
securitised_products,A4,"SEAT: Mortgage, asset-backed, CLO and structured-credit traders, bankers and quantitative analysts; Mortgage, asset-backed, CLO and structured-credit traders, structurers, syndicate bankers and collateral analysts; Mortgage-backed and asset-backed securities origination, structuring, trading and analytics; Securitised products trader (agency MBS/TBA, ABS/CLO/CMBS) and securitised products structurer; Securitised products trader (agency pass-through/TBA, CMO, ABS, CLO) and collateral analytics specialist; Securitised products trader (agency/non-agency MBS, ABS, CLO) with structuring and collateral analyst support; Securitised products trader / structurer; Securitised products trader / structurer (MBS, ABS, CLO); Securitised products trader and structuring specialist; Securitised products trader/structurer (agency MBS and TBA, ABS, CLO, CMBS); Securitized products trader/structurer (agency MBS and TBA, ABS, CLO); Structured credit / securitised products trader | cost_per_seat midpoint median 762500.0 | determinable_fraction median 0.5 | 42 terminality tasks",,,,UNVERIFIED,,
sellside_research,A1,"Analyst certification | US / SEC | Regulation AC, 17 CFR 242.500–505",,,,UNVERIFIED,,
sellside_research,A1,"Investment-recommendation disclosure requirements | European Union | Regulation (EU) No 596/2014, Article 20",,,,UNVERIFIED,,
sellside_research,A1,"MiFID II research-inducement rules | European Union | Commission Delegated Directive (EU) 2017/593, Article 13",,,,UNVERIFIED,,
sellside_research,A1,MiFID II | European Union | Directive 2014/65/EU Article 24,,,,UNVERIFIED,,
sellside_research,A1,Research analyst conflicts of interest | US / FINRA | FINRA Rule 2241 (equity research) and FINRA Rule 2242 (debt research),,,,UNVERIFIED,,
sellside_research,A1,Research inducements and unbundling | EU / UK | Commission Delegated Directive (EU) 2017/593 Art 13; UK FCA COBS 2.3A (as amended 2024 to permit bundled payments),,,,UNVERIFIED,,
sellside_research,A1,Research-analyst conflicts and disclosure requirements | United States | FINRA Rule 2241,,,,UNVERIFIED,,
sellside_research,A1,SEC Regulation AC | United States | 17 C.F.R. §240.472,,,,UNVERIFIED,,
sellside_research,A2,"Goldman Sachs Group, Inc. | Form 10-K | FY2024 | Commissions and fees",,,,UNVERIFIED,,
sellside_research,A2,JPMorgan Chase & Co. | Form 10-K | FY2023 | Equity Markets,,,,UNVERIFIED,,
sellside_research,A2,JPMorgan Chase & Co. | Form 10-K | FY2024 | Markets & Securities Services,,,,UNVERIFIED,,
sellside_research,A2,Morgan Stanley | Form 10-K | FY2023 | Commissions and fees (Institutional Securities),,,,UNVERIFIED,,
sellside_research,A2,The Goldman Sachs Group | Form 10-K | FY2023 | Commissions and fees,,,,UNVERIFIED,,
sellside_research,A3,World Federation of Exchanges | Global domestic equity market capitalisation | 124.0 USD trillion | as_of 2024-12-31,,,,UNVERIFIED,,
sellside_research,A3,World Federation of Exchanges | WFE Statistics: domestic market capitalization | 124.0 USD trillion | as_of 2024-12-31,,,,UNVERIFIED,,
sellside_research,A4,"SEAT: Equity, credit, macro and quantitative research analysts and publishing strategists; Equity, credit, macro, quantitative and strategy research analysts; Sell-side research analyst; Sell-side research analyst (equity and credit) and research supervisory analyst | cost_per_seat midpoint median 518750.0 | determinable_fraction median 0.475 | 13 terminality tasks",,,,UNVERIFIED,,
trade_lifecycle_operations,A1,"Basel III / CRR | European Union | Regulation (EU) No 575/2013, Article 325bb",,,,UNVERIFIED,,
trade_lifecycle_operations,A1,"Broker-dealer books, records and confirmations | US | SEC Rule 10b-10 and Rule 17a-3, 17 CFR 240.10b-10 / 240.17a-3",,,,UNVERIFIED,,
trade_lifecycle_operations,A1,CFTC Part 39 | United States | 17 C.F.R. Part 39,,,,UNVERIFIED,,
trade_lifecycle_operations,A1,CFTC — swap confirmation requirements for swap dealers | US | 17 CFR 23.501,,,,UNVERIFIED,,
trade_lifecycle_operations,A1,"CSDR settlement discipline (cash penalties, allocation and confirmation) | EU | Regulation (EU) No 909/2014 Articles 6 and 7; Commission Delegated Regulation (EU) 2018/1229 (RTS on settlement discipline)",,,,UNVERIFIED,,
trade_lifecycle_operations,A1,"CSDR settlement discipline — cash penalties and settlement fails reporting | EU | Regulation (EU) No 909/2014, Articles 6 and 7; Commission Delegated Regulation (EU) 2018/1229",,,,UNVERIFIED,,
trade_lifecycle_operations,A1,CSDR | European Union | Regulation (EU) No 909/2014 Article 38,,,,UNVERIFIED,,
trade_lifecycle_operations,A1,Central Securities Depositories Regulation (CSDR) | European Union | Article 22 (Settlement Discipline and Cash Penalties),,,,UNVERIFIED,,
trade_lifecycle_operations,A1,"Central Securities Depositories Regulation settlement discipline | European Union | Regulation (EU) No 909/2014, Articles 6 and 7",,,,UNVERIFIED,,
trade_lifecycle_operations,A1,Close-out of fails to deliver | US | Regulation SHO Rule 204 (17 CFR 242.204),,,,UNVERIFIED,,
trade_lifecycle_operations,A1,Customer trade confirmations | US | SEC Rule 10b-10 (17 CFR 240.10b-10),,,,UNVERIFIED,,
trade_lifecycle_operations,A1,"EMIR operational risk mitigation for non-cleared OTC derivatives | European Union | Regulation (EU) No 648/2012, Article 11",,,,UNVERIFIED,,
trade_lifecycle_operations,A1,"EMIR timely confirmation of OTC derivatives | EU | Regulation (EU) No 648/2012, Article 11(1)(a); Commission Delegated Regulation (EU) No 149/2013, Article 12",,,,UNVERIFIED,,
trade_lifecycle_operations,A1,EMIR | European Union | Regulation (EU) No 648/2012 Article 4,,,,UNVERIFIED,,
trade_lifecycle_operations,A1,"EMIR — reporting obligation and timely confirmation of OTC derivatives | EU | Regulation (EU) No 648/2012, Art. 9 and Art. 11(1)(a)",,,,UNVERIFIED,,
trade_lifecycle_operations,A1,"MiFIR — transaction reporting to competent authorities | EU | Regulation (EU) No 600/2014, Art. 26; Commission Delegated Regulation (EU) 2017/590 (RTS 22)",,,,UNVERIFIED,,
trade_lifecycle_operations,A1,"SEC books-and-records requirements for broker-dealers | United States | SEC Rules 17a-3 and 17a-4, 17 CFR §§ 240.17a-3 and 240.17a-4",,,,UNVERIFIED,,
trade_lifecycle_operations,A1,"Same-day affirmation and T+1 settlement cycle | US | SEC Rule 15c6-1(a) as amended (T+1, effective 28 May 2024) and Rule 15c6-2 (17 CFR 240.15c6-2)",,,,UNVERIFIED,,
trade_lifecycle_operations,A1,"Security-based-swap recordkeeping | United States | SEC Rules 18a-5 and 18a-6, 17 CFR §§240.18a-5, 240.18a-6",,,,UNVERIFIED,,
trade_lifecycle_operations,A1,"Standard settlement cycle (T+1) | US | SEC Rule 15c6-1(a), 17 CFR 240.15c6-1, as amended effective 28 May 2024",,,,UNVERIFIED,,
trade_lifecycle_operations,A1,T+1 standard settlement cycle | US | SEC Rule 15c6-1 (17 CFR 240.15c6-1),,,,UNVERIFIED,,
trade_lifecycle_operations,A1,Timely confirmation and portfolio reconciliation for uncleared OTC derivatives | EU / US | Regulation (EU) No 648/2012 Article 11 and Commission Delegated Regulation (EU) No 149/2013 Articles 12-13; 17 CFR 23.501-23.502,,,,UNVERIFIED,,
trade_lifecycle_operations,A2,Bank of America Corporation | Form 10-K | FY2023 | Global Markets Operations,,,,UNVERIFIED,,
trade_lifecycle_operations,A2,Barclays PLC | Annual Report | FY2023 | Investment Bank - Operating expenses,,,,UNVERIFIED,,
trade_lifecycle_operations,A2,Citigroup Inc. | Form 10-K | FY2023 | Securities Services,,,,UNVERIFIED,,
trade_lifecycle_operations,A2,HSBC Holdings plc | Annual Report and Accounts | FY2023 | Markets and Securities Services (operating expenses within Global Banking and Markets),,,,UNVERIFIED,,
trade_lifecycle_operations,A2,JPMorgan Chase & Co. | Form 10-K | FY2023 | Corporate & Investment Bank - Total noninterest expense,,,,UNVERIFIED,,
trade_lifecycle_operations,A2,JPMorgan Chase & Co. | Form 10-K | FY2023 | Global Markets,,,,UNVERIFIED,,
trade_lifecycle_operations,A2,JPMorgan Chase & Co. | Form 10-K | FY2024 | Markets & Securities Services,,,,UNVERIFIED,,
trade_lifecycle_operations,A2,JPMorgan Chase & Co. | Form 10-K | FY2024 | Securities Services,,,,UNVERIFIED,,
trade_lifecycle_operations,A2,"The Goldman Sachs Group, Inc. | Form 10-K | FY2023 | Global Banking & Markets - Total operating expenses",,,,UNVERIFIED,,
trade_lifecycle_operations,A3,Bank for International Settlements | OTC derivatives statistics: total notional amount outstanding | 729.8 USD trillion | as_of 2024-06-30,,,,UNVERIFIED,,
trade_lifecycle_operations,A3,Bank for International Settlements | Semiannual OTC derivatives statistics — total notional outstanding | 714.7 USD trillions | as_of 2023-06-30,,,,UNVERIFIED,,
trade_lifecycle_operations,A3,CLS Bank International | CLS Daily Settlement Volume | 1800000000000 USD | as_of 2023-12-31,,,,UNVERIFIED,,
trade_lifecycle_operations,A3,DTCC | Annual securities transaction value processed | 3.7 USD quadrillion | as_of 2024-12-31,,,,UNVERIFIED,,
trade_lifecycle_operations,A3,DTCC | Value of securities transactions processed annually by DTCC subsidiaries | 3.0 USD quadrillion per year | as_of 2023-12-31,,,,UNVERIFIED,,
trade_lifecycle_operations,A3,"European Securities and Markets Authority | Report on Trends, Risks and Vulnerabilities - EU settlement fail rates (equities, share of value) | 3.0 percent of settlement value | as_of 2023-12-31",,,,UNVERIFIED,,
trade_lifecycle_operations,A3,SIFMA | Clearing House Transaction Volume | 1800.0 billion USD | as_of 2023-12-31,,,,UNVERIFIED,,
trade_lifecycle_operations,A3,SIFMA | US equity market average daily volume (settlement population) | 11.5 billion shares per day | as_of 2023-12-31,,,,UNVERIFIED,,
trade_lifecycle_operations,A4,"SEAT: Clearing Risk & Collateral Optimization Analyst; Clearing and post-trade specialist; Derivatives trade lifecycle and regulatory reporting analyst/manager (confirmations, lifecycle events, TR/ARM/SDR reporting); Post-Trade Reconciliation Analyst; Securities settlement operations analyst (instruction matching, fails management, penalties and claims); Trade capture, confirmations, clearing, settlement, collateral, reconciliations and lifecycle operations; Trade support / middle office analyst (trade capture validation, confirmation and affirmation, lifecycle events); Trade support, confirmations, affirmations and settlements analyst (onshore plus offshore delivery centres); Trade-support, confirmation, settlement, collateral-operations and transaction-reporting specialists | cost_per_seat midpoint median 280000.0 | determinable_fraction median 0.85 | 30 terminality tasks",,,,UNVERIFIED,,
trade_surveillance,A1,CFTC swap dealer diligent supervision | US | 17 CFR 23.602,,,,UNVERIFIED,,
trade_surveillance,A1,CFTC swap dealer supervision and prohibition on disruptive practices | US | 17 CFR 23.602 (supervision); CEA §4c(a)(5) (spoofing); 17 CFR 180.1 (fraud-based manipulation),,,,UNVERIFIED,,
trade_surveillance,A1,FINRA supervision and supervisory control obligations | US | FINRA Rules 3110 and 3120,,,,UNVERIFIED,,
trade_surveillance,A1,Market Abuse Regulation - prevention and detection of market abuse and STOR filing | EU | Regulation (EU) No 596/2014 Articles 12 and 16; Commission Delegated Regulation (EU) 2016/957 (RTS on suspicious transaction reporting),,,,UNVERIFIED,,
trade_surveillance,A1,"Market Abuse Regulation — detection and reporting of suspicious transactions and orders | EU | Regulation (EU) No 596/2014, Article 16; Commission Delegated Regulation (EU) 2016/957",,,,UNVERIFIED,,
trade_surveillance,A1,"Recordkeeping of electronic communications | US | SEC Rule 17a-4(b)(4), 17 CFR 240.17a-4",,,,UNVERIFIED,,
trade_surveillance,A1,Supervisory system and surveillance obligations | US | FINRA Rules 3110 (Supervision) and 3120; Exchange Act Section 15(b)(4)(E),,,,UNVERIFIED,,
trade_surveillance,A2,Barclays PLC | Annual Report | FY2023 | Investment Bank - Operating expenses,,,,UNVERIFIED,,
trade_surveillance,A2,Citigroup Inc. | Form 10-K | FY2023 | Markets - Total operating expenses,,,,UNVERIFIED,,
trade_surveillance,A3,Financial Conduct Authority | Suspicious Transaction and Order Reports (STORs) received annually | 4000 reports per year | as_of 2023-12-31,,,,UNVERIFIED,,
trade_surveillance,A3,World Federation of Exchanges | Value of share trading (surveilled order/trade population) | 100 USD trillion per year | as_of 2023-12-31,,,,UNVERIFIED,,
trade_surveillance,A4,SEAT: Trade and communications surveillance analyst / markets compliance officer; Trade and communications surveillance analyst and surveillance model tuning specialist | cost_per_seat midpoint median 287500.0 | determinable_fraction median 0.75 | 8 terminality tasks,,,,UNVERIFIED,,
treasury_balance_sheet_funding,A1,"Basel III Liquidity Coverage Ratio | Global | BCBS, 'Basel III: The Liquidity Coverage Ratio and liquidity risk monitoring tools', January 2013",,,,UNVERIFIED,,
treasury_balance_sheet_funding,A1,"Basel III Net Stable Funding Ratio | Global | BCBS, 'Basel III: the net stable funding ratio', October 2014",,,,UNVERIFIED,,
treasury_balance_sheet_funding,A1,"Federal Reserve LCR/NSFR rules | United States | 12 CFR Part 217 (Regulation Q), Subpart C",,,,UNVERIFIED,,
treasury_balance_sheet_funding,A2,JPMorgan Chase & Co. | Form 10-K | FY2023 | Treasury CIB (within Corporate segment),,,,UNVERIFIED,,
treasury_balance_sheet_funding,A4,"SEAT: Markets treasury & balance-sheet funding (treasury traders, funding strategists, FTP analysts) | cost_per_seat midpoint median 725000.0 | determinable_fraction median 0.55 | 3 terminality tasks",,,,UNVERIFIED,,
xva_counterparty_risk,A1,"BCBS-IOSCO margin requirements for non-centrally cleared derivatives | Global | BCBS-IOSCO, 'Margin requirements for non-centrally cleared derivatives', March 2015",,,,UNVERIFIED,,
xva_counterparty_risk,A1,"Basel CVA risk capital framework | Global | BCBS d424 'Basel III: Finalising post-crisis reforms', December 2017 (CVA risk chapter)",,,,UNVERIFIED,,
xva_counterparty_risk,A1,"Basel Framework — CVA risk capital | Global (BCBS); implemented in EU | BCBS Basel Framework MAR50; Regulation (EU) 2024/1623 (CRR3), Part Three Title VI",,,,UNVERIFIED,,
xva_counterparty_risk,A1,"Basel III CVA risk capital framework | Global (Basel Committee) | BCBS minimum capital requirements for market risk, January 2019, CVA risk sections",,,,UNVERIFIED,,
xva_counterparty_risk,A1,"Basel III CVA risk framework (standardised and basic approaches) | GLOBAL | BCBS d507, 'Credit Valuation Adjustment risk: targeted final revisions' (July 2020); MAR50 in the consolidated Basel Framework",,,,UNVERIFIED,,
xva_counterparty_risk,A1,"Basel III — CVA risk capital framework | Global (BCBS) | BCBS d507, Targeted finalisation of the credit valuation adjustment risk framework (July 2020)",,,,UNVERIFIED,,
xva_counterparty_risk,A1,CFTC uncleared swap margin rule | United States | 17 CFR Part 23.501 et seq.,,,,UNVERIFIED,,
xva_counterparty_risk,A1,"CRR CVA risk framework | European Union | Regulation (EU) No 575/2013, Articles 381–384",,,,UNVERIFIED,,
xva_counterparty_risk,A1,"CRR — counterparty credit risk exposure calculation (SA-CCR as amended by CRR2) | EU | Regulation (EU) No 575/2013, Arts. 274 et seq., as amended by Regulation (EU) 2019/876",,,,UNVERIFIED,,
xva_counterparty_risk,A1,"CRR — own funds requirements for CVA risk | EU | Regulation (EU) No 575/2013, Arts. 381–386, as amended by Regulation (EU) 2024/1623 (CRR3)",,,,UNVERIFIED,,
xva_counterparty_risk,A1,CVA risk capital charge | EU / Basel | Regulation (EU) No 575/2013 Articles 381-386; Basel Framework MAR50,,,,UNVERIFIED,,
xva_counterparty_risk,A1,"CVA risk capital charge | EU | Regulation (EU) No 575/2013 (CRR), Articles 381–386",,,,UNVERIFIED,,
xva_counterparty_risk,A1,Counterparty credit risk exposure methods and netting recognition | EU | Regulation (EU) No 575/2013 Arts 271–280f and Art 296 (netting agreements),,,,UNVERIFIED,,
xva_counterparty_risk,A1,Credit valuation adjustment risk capital framework | Global / EU | Basel Framework MAR50; Regulation (EU) No 575/2013 Arts 382–386 (as amended by CRR3),,,,UNVERIFIED,,
xva_counterparty_risk,A1,"EMIR risk-mitigation techniques (margin) | EU | Regulation (EU) No 648/2012 (EMIR), Article 11 and associated RTS",,,,UNVERIFIED,,
xva_counterparty_risk,A1,Fair value measurement requiring non-performance risk in derivative valuation | GLOBAL/US | IFRS 13 paragraphs 42–44; ASC 820-10-35,,,,UNVERIFIED,,
xva_counterparty_risk,A1,IFRS — fair value measurement including credit and funding adjustments | Global (IASB) | IFRS 13 Fair Value Measurement,,,,UNVERIFIED,,
xva_counterparty_risk,A1,Standardised approach for counterparty credit risk (SA-CCR) | Global / BCBS and US | Basel Framework CRE52; 12 CFR Part 217 Subpart E (US capital rule SA-CCR),,,,UNVERIFIED,,
xva_counterparty_risk,A1,Standardised approach for counterparty credit risk (SA-CCR) | US / Basel | 12 CFR 217.132(c)-(d) (Federal Reserve Regulation Q); Basel Framework CRE52,,,,UNVERIFIED,,
xva_counterparty_risk,A1,US Basel III capital rule — standardised approach for counterparty credit risk (SA-CCR) | US | 12 CFR 217.34 (Federal Reserve Regulation QQ),,,,UNVERIFIED,,
xva_counterparty_risk,A1,Uncleared margin rules (initial and variation margin) | US / EU | 17 CFR 23.150-23.161 (CFTC); Commission Delegated Regulation (EU) 2016/2251 (EMIR margin RTS),,,,UNVERIFIED,,
xva_counterparty_risk,A2,Citigroup | Form 10-K | FY2023 | Markets — credit valuation adjustment / derivative counterparty valuation adjustments (Markets revenue discussion),,,,UNVERIFIED,,
xva_counterparty_risk,A2,JPMorgan Chase & Co. | 2024 Form 10-K | FY2024 | Credit Adjustments & Other,,,,UNVERIFIED,,
xva_counterparty_risk,A2,JPMorgan Chase & Co. | Form 10-K | FY2023 | Credit Adjustments & Other,,,,UNVERIFIED,,
xva_counterparty_risk,A2,JPMorgan Chase & Co. | Form 10-K | FY2023 | Credit Adjustments & Other (Corporate & Investment Bank Markets revenue),,,,UNVERIFIED,,
xva_counterparty_risk,A2,JPMorgan Chase | Form 10-K | FY2023 | Credit Adjustments & Other (CIB Markets),,,,UNVERIFIED,,
xva_counterparty_risk,A2,"The Goldman Sachs Group, Inc. | Form 10-K | FY2023 | FICC intermediation (Global Banking & Markets net revenues)",,,,UNVERIFIED,,
xva_counterparty_risk,A3,Bank for International Settlements | OTC derivatives outstanding — gross market value | 20.7 USD trillions | as_of 2022-12,,,,UNVERIFIED,,
xva_counterparty_risk,A3,Bank for International Settlements | OTC derivatives statistics - gross credit exposure | 3.0 USD trillion | as_of 2023-12-31,,,,UNVERIFIED,,
xva_counterparty_risk,A3,Bank for International Settlements | OTC derivatives statistics — gross credit exposure (after netting) | 3.0 USD trillion (approximate) | as_of 2023-12-31,,,,UNVERIFIED,,
xva_counterparty_risk,A3,Bank for International Settlements | OTC derivatives statistics — gross credit exposure | 2.9 USD trillion | as_of 2024-06-30,,,,UNVERIFIED,,
xva_counterparty_risk,A3,"Bank for International Settlements | OTC derivatives statistics — gross market value, all contracts | 18.3 USD trillion (approximate) | as_of 2023-12-31",,,,UNVERIFIED,,
xva_counterparty_risk,A3,"Bank for International Settlements | OTC derivatives statistics — notional amounts outstanding, all contracts | 730 USD trillion | as_of 2024-06-30",,,,UNVERIFIED,,
xva_counterparty_risk,A3,Bank for International Settlements | OTC derivatives statistics: gross market value of outstanding contracts | 12300000000000 USD | as_of 2022-12-31,,,,UNVERIFIED,,
xva_counterparty_risk,A3,Bank for International Settlements | Semiannual OTC derivatives statistics — gross credit exposure | 2.5 USD trillions | as_of 2023-06-30,,,,UNVERIFIED,,
xva_counterparty_risk,A3,ISDA | ISDA Margin Survey — initial margin collected by largest firms | 1.4 USD trillion | as_of 2023-12-31,,,,UNVERIFIED,,
xva_counterparty_risk,A4,"SEAT: Counterparty analytics, margin optimization & XVA (XVA quants, margin strategists, collateral analysts); Counterparty credit risk officer (exposure measurement, limit setting, pre-deal checking for derivatives and SFT counterparties); XVA quant / trader; XVA trader / counterparty exposure quant and counterparty credit risk manager; XVA trader / valuation adjustments quant; XVA trader and counterparty exposure quant (CVA/DVA/FVA/KVA hedging and pricing); XVA trader/quant (CVA, DVA, FVA computation and hedging; central valuation adjustment desk); XVA trader/quant and counterparty portfolio manager (CVA/FVA/KVA hedging and pricing) | cost_per_seat midpoint median 662500.0 | determinable_fraction median 0.675 | 30 terminality tasks",,,,UNVERIFIED,,
